invoice_id,line_nbr,item_cd,qty,unit_price,line_amt,begin_ts,end_ts
100000,1,SKU-000,1,10.99,10.99,2026-01-01 08:00:00,9999-12-31 23:59:59
100000,2,SKU-001,2,17.99,35.98,2026-01-01 08:00:00,9999-12-31 23:59:59
100000,3,SKU-002,3,24.99,74.97,2026-01-01 08:00:00,9999-12-31 23:59:59
100000,4,SKU-003,4,31.99,127.96,2026-01-01 08:00:00,9999-12-31 23:59:59
100000,5,SKU-004,1,38.99,38.99,2026-01-01 08:00:00,9999-12-31 23:59:59
100001,1,SKU-005,2,45.99,91.98,2026-01-01 08:07:00,9999-12-31 23:59:59
100001,2,SKU-006,3,52.99,158.97,2026-01-01 08:07:00,9999-12-31 23:59:59
100001,3,SKU-007,4,59.99,239.96,2026-01-01 08:07:00,9999-12-31 23:59:59
100001,4,SKU-008,1,66.99,66.99,2026-01-01 08:07:00,9999-12-31 23:59:59
100001,5,SKU-009,2,73.99,147.98,2026-01-01 08:07:00,9999-12-31 23:59:59
100002,1,SKU-010,3,80.99,242.97,2026-01-01 08:14:00,9999-12-31 23:59:59
100002,2,SKU-011,4,87.99,351.96,2026-01-01 08:14:00,9999-12-31 23:59:59
100002,3,SKU-012,1,94.99,94.99,2026-01-01 08:14:00,9999-12-31 23:59:59
100002,4,SKU-013,2,101.99,203.98,2026-01-01 08:14:00,9999-12-31 23:59:59
100002,5,SKU-014,3,13.99,41.97,2026-01-01 08:14:00,9999-12-31 23:59:59
100003,1,SKU-015,4,20.99,83.96,2026-01-01 08:21:00,9999-12-31 23:59:59
100003,2,SKU-016,1,27.99,27.99,2026-01-01 08:21:00,9999-12-31 23:59:59
100003,3,SKU-017,2,34.99,69.98,2026-01-01 08:21:00,9999-12-31 23:59:59
100003,4,SKU-018,3,41.99,125.97,2026-01-01 08:21:00,9999-12-31 23:59:59
100003,5,SKU-019,4,48.99,195.96,2026-01-01 08:21:00,9999-12-31 23:59:59
100004,1,SKU-020,1,55.99,55.99,2026-01-01 08:28:00,9999-12-31 23:59:59
100004,2,SKU-021,2,62.99,125.98,2026-01-01 08:28:00,9999-12-31 23:59:59
100004,3,SKU-022,3,69.99,209.97,2026-01-01 08:28:00,9999-12-31 23:59:59
100004,4,SKU-023,4,76.99,307.96,2026-01-01 08:28:00,9999-12-31 23:59:59
100004,5,SKU-024,1,83.99,83.99,2026-01-01 08:28:00,9999-12-31 23:59:59
100005,1,SKU-025,2,90.99,181.98,2026-01-01 08:35:00,9999-12-31 23:59:59
100005,2,SKU-026,3,97.99,293.97,2026-01-01 08:35:00,9999-12-31 23:59:59
100005,3,SKU-027,4,104.99,419.96,2026-01-01 08:35:00,9999-12-31 23:59:59
100005,4,SKU-028,1,16.99,16.99,2026-01-01 08:35:00,9999-12-31 23:59:59
100005,5,SKU-029,2,23.99,47.98,2026-01-01 08:35:00,9999-12-31 23:59:59
100006,1,SKU-030,3,30.99,92.97,2026-01-01 08:42:00,9999-12-31 23:59:59
100006,2,SKU-031,4,37.99,151.96,2026-01-01 08:42:00,9999-12-31 23:59:59
100006,3,SKU-032,1,44.99,44.99,2026-01-01 08:42:00,9999-12-31 23:59:59
100006,4,SKU-033,2,51.99,103.98,2026-01-01 08:42:00,9999-12-31 23:59:59
100006,5,SKU-034,3,58.99,176.97,2026-01-01 08:42:00,9999-12-31 23:59:59
100007,1,SKU-035,4,65.99,263.96,2026-01-01 08:49:00,9999-12-31 23:59:59
100007,2,SKU-036,1,72.99,72.99,2026-01-01 08:49:00,9999-12-31 23:59:59
100007,3,SKU-037,2,79.99,159.98,2026-01-01 08:49:00,9999-12-31 23:59:59
100007,4,SKU-038,3,86.99,260.97,2026-01-01 08:49:00,9999-12-31 23:59:59
100007,5,SKU-039,4,93.99,375.96,2026-01-01 08:49:00,9999-12-31 23:59:59
100008,1,SKU-040,1,100.99,100.99,2026-01-01 08:56:00,9999-12-31 23:59:59
100008,2,SKU-041,2,12.99,25.98,2026-01-01 08:56:00,9999-12-31 23:59:59
100008,3,SKU-042,3,19.99,59.97,2026-01-01 08:56:00,9999-12-31 23:59:59
100008,4,SKU-043,4,26.99,107.96,2026-01-01 08:56:00,9999-12-31 23:59:59
100008,5,SKU-044,1,33.99,33.99,2026-01-01 08:56:00,9999-12-31 23:59:59
100009,1,SKU-045,2,40.99,81.98,2026-01-01 09:03:00,9999-12-31 23:59:59
100009,2,SKU-046,3,47.99,143.97,2026-01-01 09:03:00,9999-12-31 23:59:59
100009,3,SKU-047,4,54.99,219.96,2026-01-01 09:03:00,9999-12-31 23:59:59
100009,4,SKU-048,1,61.99,61.99,2026-01-01 09:03:00,9999-12-31 23:59:59
100009,5,SKU-049,2,68.99,137.98,2026-01-01 09:03:00,9999-12-31 23:59:59
100010,1,SKU-050,3,75.99,227.97,2026-01-01 09:10:00,9999-12-31 23:59:59
100010,2,SKU-051,4,82.99,331.96,2026-01-01 09:10:00,9999-12-31 23:59:59
100010,3,SKU-052,1,89.99,89.99,2026-01-01 09:10:00,9999-12-31 23:59:59
100010,4,SKU-053,2,96.99,193.98,2026-01-01 09:10:00,9999-12-31 23:59:59
100010,5,SKU-054,3,103.99,311.97,2026-01-01 09:10:00,9999-12-31 23:59:59
100011,1,SKU-055,4,15.99,63.96,2026-01-01 09:17:00,9999-12-31 23:59:59
100011,2,SKU-056,1,22.99,22.99,2026-01-01 09:17:00,9999-12-31 23:59:59
100011,3,SKU-057,2,29.99,59.98,2026-01-01 09:17:00,9999-12-31 23:59:59
100011,4,SKU-058,3,36.99,110.97,2026-01-01 09:17:00,9999-12-31 23:59:59
100011,5,SKU-059,4,43.99,175.96,2026-01-01 09:17:00,9999-12-31 23:59:59
100012,1,SKU-060,1,50.99,50.99,2026-01-01 09:24:00,9999-12-31 23:59:59
100012,2,SKU-061,2,57.99,115.98,2026-01-01 09:24:00,9999-12-31 23:59:59
100012,3,SKU-062,3,64.99,194.97,2026-01-01 09:24:00,9999-12-31 23:59:59
100012,4,SKU-063,4,71.99,287.96,2026-01-01 09:24:00,9999-12-31 23:59:59
100012,5,SKU-064,1,78.99,78.99,2026-01-01 09:24:00,9999-12-31 23:59:59
100013,1,SKU-065,2,85.99,171.98,2026-01-01 09:31:00,9999-12-31 23:59:59
100013,2,SKU-066,3,92.99,278.97,2026-01-01 09:31:00,9999-12-31 23:59:59
100013,3,SKU-067,4,99.99,399.96,2026-01-01 09:31:00,9999-12-31 23:59:59
100013,4,SKU-068,1,11.99,11.99,2026-01-01 09:31:00,9999-12-31 23:59:59
100013,5,SKU-069,2,18.99,37.98,2026-01-01 09:31:00,9999-12-31 23:59:59
100014,1,SKU-070,3,25.99,77.97,2026-01-01 09:38:00,9999-12-31 23:59:59
100014,2,SKU-071,4,32.99,131.96,2026-01-01 09:38:00,9999-12-31 23:59:59
100014,3,SKU-072,1,39.99,39.99,2026-01-01 09:38:00,9999-12-31 23:59:59
100014,4,SKU-073,2,46.99,93.98,2026-01-01 09:38:00,9999-12-31 23:59:59
100014,5,SKU-074,3,53.99,161.97,2026-01-01 09:38:00,9999-12-31 23:59:59
100015,1,SKU-075,4,60.99,243.96,2026-01-01 09:45:00,9999-12-31 23:59:59
100015,2,SKU-076,1,67.99,67.99,2026-01-01 09:45:00,9999-12-31 23:59:59
100015,3,SKU-077,2,74.99,149.98,2026-01-01 09:45:00,9999-12-31 23:59:59
100015,4,SKU-078,3,81.99,245.97,2026-01-01 09:45:00,9999-12-31 23:59:59
100015,5,SKU-079,4,88.99,355.96,2026-01-01 09:45:00,9999-12-31 23:59:59
100016,1,SKU-080,1,95.99,95.99,2026-01-01 09:52:00,9999-12-31 23:59:59
100016,2,SKU-081,2,102.99,205.98,2026-01-01 09:52:00,9999-12-31 23:59:59
100016,3,SKU-082,3,14.99,44.97,2026-01-01 09:52:00,9999-12-31 23:59:59
100016,4,SKU-083,4,21.99,87.96,2026-01-01 09:52:00,9999-12-31 23:59:59
100016,5,SKU-084,1,28.99,28.99,2026-01-01 09:52:00,9999-12-31 23:59:59
100017,1,SKU-085,2,35.99,71.98,2026-01-01 09:59:00,9999-12-31 23:59:59
100017,2,SKU-086,3,42.99,128.97,2026-01-01 09:59:00,9999-12-31 23:59:59
100017,3,SKU-087,4,49.99,199.96,2026-01-01 09:59:00,9999-12-31 23:59:59
100017,4,SKU-088,1,56.99,56.99,2026-01-01 09:59:00,9999-12-31 23:59:59
100017,5,SKU-089,2,63.99,127.98,2026-01-01 09:59:00,9999-12-31 23:59:59
100018,1,SKU-090,3,70.99,212.97,2026-01-01 10:06:00,9999-12-31 23:59:59
100018,2,SKU-091,4,77.99,311.96,2026-01-01 10:06:00,9999-12-31 23:59:59
100018,3,SKU-092,1,84.99,84.99,2026-01-01 10:06:00,9999-12-31 23:59:59
100018,4,SKU-093,2,91.99,183.98,2026-01-01 10:06:00,9999-12-31 23:59:59
100018,5,SKU-094,3,98.99,296.97,2026-01-01 10:06:00,9999-12-31 23:59:59
100019,1,SKU-095,4,10.99,43.96,2026-01-01 10:13:00,9999-12-31 23:59:59
100019,2,SKU-096,1,17.99,17.99,2026-01-01 10:13:00,9999-12-31 23:59:59
100019,3,SKU-097,2,24.99,49.98,2026-01-01 10:13:00,9999-12-31 23:59:59
100019,4,SKU-098,3,31.99,95.97,2026-01-01 10:13:00,9999-12-31 23:59:59
100019,5,SKU-099,4,38.99,155.96,2026-01-01 10:13:00,9999-12-31 23:59:59
100020,1,SKU-100,1,45.99,45.99,2026-01-01 10:20:00,9999-12-31 23:59:59
100020,2,SKU-101,2,52.99,105.98,2026-01-01 10:20:00,9999-12-31 23:59:59
100020,3,SKU-102,3,59.99,179.97,2026-01-01 10:20:00,9999-12-31 23:59:59
100020,4,SKU-103,4,66.99,267.96,2026-01-01 10:20:00,9999-12-31 23:59:59
100020,5,SKU-104,1,73.99,73.99,2026-01-01 10:20:00,9999-12-31 23:59:59
100021,1,SKU-105,2,80.99,161.98,2026-01-01 10:27:00,9999-12-31 23:59:59
100021,2,SKU-106,3,87.99,263.97,2026-01-01 10:27:00,9999-12-31 23:59:59
100021,3,SKU-107,4,94.99,379.96,2026-01-01 10:27:00,9999-12-31 23:59:59
100021,4,SKU-108,1,101.99,101.99,2026-01-01 10:27:00,9999-12-31 23:59:59
100021,5,SKU-109,2,13.99,27.98,2026-01-01 10:27:00,9999-12-31 23:59:59
100022,1,SKU-110,3,20.99,62.97,2026-01-01 10:34:00,9999-12-31 23:59:59
100022,2,SKU-111,4,27.99,111.96,2026-01-01 10:34:00,9999-12-31 23:59:59
100022,3,SKU-112,1,34.99,34.99,2026-01-01 10:34:00,9999-12-31 23:59:59
100022,4,SKU-113,2,41.99,83.98,2026-01-01 10:34:00,9999-12-31 23:59:59
100022,5,SKU-114,3,48.99,146.97,2026-01-01 10:34:00,9999-12-31 23:59:59
100023,1,SKU-115,4,55.99,223.96,2026-01-01 10:41:00,9999-12-31 23:59:59
100023,2,SKU-116,1,62.99,62.99,2026-01-01 10:41:00,9999-12-31 23:59:59
100023,3,SKU-117,2,69.99,139.98,2026-01-01 10:41:00,9999-12-31 23:59:59
100023,4,SKU-118,3,76.99,230.97,2026-01-01 10:41:00,9999-12-31 23:59:59
100023,5,SKU-119,4,83.99,335.96,2026-01-01 10:41:00,9999-12-31 23:59:59
100024,1,SKU-120,1,90.99,90.99,2026-01-01 10:48:00,9999-12-31 23:59:59
100024,2,SKU-121,2,97.99,195.98,2026-01-01 10:48:00,9999-12-31 23:59:59
100024,3,SKU-122,3,104.99,314.97,2026-01-01 10:48:00,9999-12-31 23:59:59
100024,4,SKU-123,4,16.99,67.96,2026-01-01 10:48:00,9999-12-31 23:59:59
100024,5,SKU-124,1,23.99,23.99,2026-01-01 10:48:00,9999-12-31 23:59:59
100025,1,SKU-125,2,30.99,61.98,2026-01-01 10:55:00,9999-12-31 23:59:59
100025,2,SKU-126,3,37.99,113.97,2026-01-01 10:55:00,9999-12-31 23:59:59
100025,3,SKU-127,4,44.99,179.96,2026-01-01 10:55:00,9999-12-31 23:59:59
100025,4,SKU-128,1,51.99,51.99,2026-01-01 10:55:00,9999-12-31 23:59:59
100025,5,SKU-129,2,58.99,117.98,2026-01-01 10:55:00,9999-12-31 23:59:59
100026,1,SKU-000,3,65.99,197.97,2026-01-01 11:02:00,9999-12-31 23:59:59
100026,2,SKU-001,4,72.99,291.96,2026-01-01 11:02:00,9999-12-31 23:59:59
100026,3,SKU-002,1,79.99,79.99,2026-01-01 11:02:00,9999-12-31 23:59:59
100026,4,SKU-003,2,86.99,173.98,2026-01-01 11:02:00,9999-12-31 23:59:59
100026,5,SKU-004,3,93.99,281.97,2026-01-01 11:02:00,9999-12-31 23:59:59
100027,1,SKU-005,4,100.99,403.96,2026-01-01 11:09:00,9999-12-31 23:59:59
100027,2,SKU-006,1,12.99,12.99,2026-01-01 11:09:00,9999-12-31 23:59:59
100027,3,SKU-007,2,19.99,39.98,2026-01-01 11:09:00,9999-12-31 23:59:59
100027,4,SKU-008,3,26.99,80.97,2026-01-01 11:09:00,9999-12-31 23:59:59
100027,5,SKU-009,4,33.99,135.96,2026-01-01 11:09:00,9999-12-31 23:59:59
100028,1,SKU-010,1,40.99,40.99,2026-01-01 11:16:00,9999-12-31 23:59:59
100028,2,SKU-011,2,47.99,95.98,2026-01-01 11:16:00,9999-12-31 23:59:59
100028,3,SKU-012,3,54.99,164.97,2026-01-01 11:16:00,9999-12-31 23:59:59
100028,4,SKU-013,4,61.99,247.96,2026-01-01 11:16:00,9999-12-31 23:59:59
100028,5,SKU-014,1,68.99,68.99,2026-01-01 11:16:00,9999-12-31 23:59:59
100029,1,SKU-015,2,75.99,151.98,2026-01-01 11:23:00,9999-12-31 23:59:59
100029,2,SKU-016,3,82.99,248.97,2026-01-01 11:23:00,9999-12-31 23:59:59
100029,3,SKU-017,4,89.99,359.96,2026-01-01 11:23:00,9999-12-31 23:59:59
100029,4,SKU-018,1,96.99,96.99,2026-01-01 11:23:00,9999-12-31 23:59:59
100029,5,SKU-019,2,103.99,207.98,2026-01-01 11:23:00,9999-12-31 23:59:59
100030,1,SKU-020,3,15.99,47.97,2026-01-01 11:30:00,9999-12-31 23:59:59
100030,2,SKU-021,4,22.99,91.96,2026-01-01 11:30:00,9999-12-31 23:59:59
100030,3,SKU-022,1,29.99,29.99,2026-01-01 11:30:00,9999-12-31 23:59:59
100030,4,SKU-023,2,36.99,73.98,2026-01-01 11:30:00,9999-12-31 23:59:59
100030,5,SKU-024,3,43.99,131.97,2026-01-01 11:30:00,9999-12-31 23:59:59
100031,1,SKU-025,4,50.99,203.96,2026-01-01 11:37:00,9999-12-31 23:59:59
100031,2,SKU-026,1,57.99,57.99,2026-01-01 11:37:00,9999-12-31 23:59:59
100031,3,SKU-027,2,64.99,129.98,2026-01-01 11:37:00,9999-12-31 23:59:59
100031,4,SKU-028,3,71.99,215.97,2026-01-01 11:37:00,9999-12-31 23:59:59
100031,5,SKU-029,4,78.99,315.96,2026-01-01 11:37:00,9999-12-31 23:59:59
100032,1,SKU-030,1,85.99,85.99,2026-01-01 11:44:00,9999-12-31 23:59:59
100032,2,SKU-031,2,92.99,185.98,2026-01-01 11:44:00,9999-12-31 23:59:59
100032,3,SKU-032,3,99.99,299.97,2026-01-01 11:44:00,9999-12-31 23:59:59
100032,4,SKU-033,4,11.99,47.96,2026-01-01 11:44:00,9999-12-31 23:59:59
100032,5,SKU-034,1,18.99,18.99,2026-01-01 11:44:00,9999-12-31 23:59:59
100033,1,SKU-035,2,25.99,51.98,2026-01-01 11:51:00,9999-12-31 23:59:59
100033,2,SKU-036,3,32.99,98.97,2026-01-01 11:51:00,9999-12-31 23:59:59
100033,3,SKU-037,4,39.99,159.96,2026-01-01 11:51:00,9999-12-31 23:59:59
100033,4,SKU-038,1,46.99,46.99,2026-01-01 11:51:00,9999-12-31 23:59:59
100033,5,SKU-039,2,53.99,107.98,2026-01-01 11:51:00,9999-12-31 23:59:59
100034,1,SKU-040,3,60.99,182.97,2026-01-01 11:58:00,9999-12-31 23:59:59
100034,2,SKU-041,4,67.99,271.96,2026-01-01 11:58:00,9999-12-31 23:59:59
100034,3,SKU-042,1,74.99,74.99,2026-01-01 11:58:00,9999-12-31 23:59:59
100034,4,SKU-043,2,81.99,163.98,2026-01-01 11:58:00,9999-12-31 23:59:59
100034,5,SKU-044,3,88.99,266.97,2026-01-01 11:58:00,9999-12-31 23:59:59
100035,1,SKU-045,4,95.99,383.96,2026-01-01 12:05:00,9999-12-31 23:59:59
100035,2,SKU-046,1,102.99,102.99,2026-01-01 12:05:00,9999-12-31 23:59:59
100035,3,SKU-047,2,14.99,29.98,2026-01-01 12:05:00,9999-12-31 23:59:59
100035,4,SKU-048,3,21.99,65.97,2026-01-01 12:05:00,9999-12-31 23:59:59
100035,5,SKU-049,4,28.99,115.96,2026-01-01 12:05:00,9999-12-31 23:59:59
100036,1,SKU-050,1,35.99,35.99,2026-01-01 12:12:00,9999-12-31 23:59:59
100036,2,SKU-051,2,42.99,85.98,2026-01-01 12:12:00,9999-12-31 23:59:59
100036,3,SKU-052,3,49.99,149.97,2026-01-01 12:12:00,9999-12-31 23:59:59
100036,4,SKU-053,4,56.99,227.96,2026-01-01 12:12:00,9999-12-31 23:59:59
100036,5,SKU-054,1,63.99,63.99,2026-01-01 12:12:00,9999-12-31 23:59:59
100037,1,SKU-055,2,70.99,141.98,2026-01-01 12:19:00,9999-12-31 23:59:59
100037,2,SKU-056,3,77.99,233.97,2026-01-01 12:19:00,9999-12-31 23:59:59
100037,3,SKU-057,4,84.99,339.96,2026-01-01 12:19:00,9999-12-31 23:59:59
100037,4,SKU-058,1,91.99,91.99,2026-01-01 12:19:00,9999-12-31 23:59:59
100037,5,SKU-059,2,98.99,197.98,2026-01-01 12:19:00,9999-12-31 23:59:59
100038,1,SKU-060,3,10.99,32.97,2026-01-01 12:26:00,9999-12-31 23:59:59
100038,2,SKU-061,4,17.99,71.96,2026-01-01 12:26:00,9999-12-31 23:59:59
100038,3,SKU-062,1,24.99,24.99,2026-01-01 12:26:00,9999-12-31 23:59:59
100038,4,SKU-063,2,31.99,63.98,2026-01-01 12:26:00,9999-12-31 23:59:59
100038,5,SKU-064,3,38.99,116.97,2026-01-01 12:26:00,9999-12-31 23:59:59
100039,1,SKU-065,4,45.99,183.96,2026-01-01 12:33:00,9999-12-31 23:59:59
100039,2,SKU-066,1,52.99,52.99,2026-01-01 12:33:00,9999-12-31 23:59:59
100039,3,SKU-067,2,59.99,119.98,2026-01-01 12:33:00,9999-12-31 23:59:59
100039,4,SKU-068,3,66.99,200.97,2026-01-01 12:33:00,9999-12-31 23:59:59
100039,5,SKU-069,4,73.99,295.96,2026-01-01 12:33:00,9999-12-31 23:59:59
100040,1,SKU-070,1,80.99,80.99,2026-01-01 12:40:00,9999-12-31 23:59:59
100040,2,SKU-071,2,87.99,175.98,2026-01-01 12:40:00,9999-12-31 23:59:59
100040,3,SKU-072,3,94.99,284.97,2026-01-01 12:40:00,9999-12-31 23:59:59
100040,4,SKU-073,4,101.99,407.96,2026-01-01 12:40:00,9999-12-31 23:59:59
100040,5,SKU-074,1,13.99,13.99,2026-01-01 12:40:00,9999-12-31 23:59:59
100041,1,SKU-075,2,20.99,41.98,2026-01-01 12:47:00,9999-12-31 23:59:59
100041,2,SKU-076,3,27.99,83.97,2026-01-01 12:47:00,9999-12-31 23:59:59
100041,3,SKU-077,4,34.99,139.96,2026-01-01 12:47:00,9999-12-31 23:59:59
100041,4,SKU-078,1,41.99,41.99,2026-01-01 12:47:00,9999-12-31 23:59:59
100041,5,SKU-079,2,48.99,97.98,2026-01-01 12:47:00,9999-12-31 23:59:59
100042,1,SKU-080,3,55.99,167.97,2026-01-01 12:54:00,9999-12-31 23:59:59
100042,2,SKU-081,4,62.99,251.96,2026-01-01 12:54:00,9999-12-31 23:59:59
100042,3,SKU-082,1,69.99,69.99,2026-01-01 12:54:00,9999-12-31 23:59:59
100042,4,SKU-083,2,76.99,153.98,2026-01-01 12:54:00,9999-12-31 23:59:59
100042,5,SKU-084,3,83.99,251.97,2026-01-01 12:54:00,9999-12-31 23:59:59
100043,1,SKU-085,4,90.99,363.96,2026-01-01 13:01:00,9999-12-31 23:59:59
100043,2,SKU-086,1,97.99,97.99,2026-01-01 13:01:00,9999-12-31 23:59:59
100043,3,SKU-087,2,104.99,209.98,2026-01-01 13:01:00,9999-12-31 23:59:59
100043,4,SKU-088,3,16.99,50.97,2026-01-01 13:01:00,9999-12-31 23:59:59
100043,5,SKU-089,4,23.99,95.96,2026-01-01 13:01:00,9999-12-31 23:59:59
100044,1,SKU-090,1,30.99,30.99,2026-01-01 13:08:00,9999-12-31 23:59:59
100044,2,SKU-091,2,37.99,75.98,2026-01-01 13:08:00,9999-12-31 23:59:59
100044,3,SKU-092,3,44.99,134.97,2026-01-01 13:08:00,9999-12-31 23:59:59
100044,4,SKU-093,4,51.99,207.96,2026-01-01 13:08:00,9999-12-31 23:59:59
100044,5,SKU-094,1,58.99,58.99,2026-01-01 13:08:00,9999-12-31 23:59:59
100045,1,SKU-095,2,65.99,131.98,2026-01-01 13:15:00,9999-12-31 23:59:59
100045,2,SKU-096,3,72.99,218.97,2026-01-01 13:15:00,9999-12-31 23:59:59
100045,3,SKU-097,4,79.99,319.96,2026-01-01 13:15:00,9999-12-31 23:59:59
100045,4,SKU-098,1,86.99,86.99,2026-01-01 13:15:00,9999-12-31 23:59:59
100045,5,SKU-099,2,93.99,187.98,2026-01-01 13:15:00,9999-12-31 23:59:59
100046,1,SKU-100,3,100.99,302.97,2026-01-01 13:22:00,9999-12-31 23:59:59
100046,2,SKU-101,4,12.99,51.96,2026-01-01 13:22:00,9999-12-31 23:59:59
100046,3,SKU-102,1,19.99,19.99,2026-01-01 13:22:00,9999-12-31 23:59:59
100046,4,SKU-103,2,26.99,53.98,2026-01-01 13:22:00,9999-12-31 23:59:59
100046,5,SKU-104,3,33.99,101.97,2026-01-01 13:22:00,9999-12-31 23:59:59
100047,1,SKU-105,4,40.99,163.96,2026-01-01 13:29:00,9999-12-31 23:59:59
100047,2,SKU-106,1,47.99,47.99,2026-01-01 13:29:00,9999-12-31 23:59:59
100047,3,SKU-107,2,54.99,109.98,2026-01-01 13:29:00,9999-12-31 23:59:59
100047,4,SKU-108,3,61.99,185.97,2026-01-01 13:29:00,9999-12-31 23:59:59
100047,5,SKU-109,4,68.99,275.96,2026-01-01 13:29:00,9999-12-31 23:59:59
100048,1,SKU-110,1,75.99,75.99,2026-01-01 13:36:00,9999-12-31 23:59:59
100048,2,SKU-111,2,82.99,165.98,2026-01-01 13:36:00,9999-12-31 23:59:59
100048,3,SKU-112,3,89.99,269.97,2026-01-01 13:36:00,9999-12-31 23:59:59
100048,4,SKU-113,4,96.99,387.96,2026-01-01 13:36:00,9999-12-31 23:59:59
100048,5,SKU-114,1,103.99,103.99,2026-01-01 13:36:00,9999-12-31 23:59:59
100049,1,SKU-115,2,15.99,31.98,2026-01-01 13:43:00,9999-12-31 23:59:59
100049,2,SKU-116,3,22.99,68.97,2026-01-01 13:43:00,9999-12-31 23:59:59
100049,3,SKU-117,4,29.99,119.96,2026-01-01 13:43:00,9999-12-31 23:59:59
100049,4,SKU-118,1,36.99,36.99,2026-01-01 13:43:00,9999-12-31 23:59:59
100049,5,SKU-119,2,43.99,87.98,2026-01-01 13:43:00,9999-12-31 23:59:59
100050,1,SKU-120,3,50.99,152.97,2026-01-01 13:50:00,9999-12-31 23:59:59
100050,2,SKU-121,4,57.99,231.96,2026-01-01 13:50:00,9999-12-31 23:59:59
100050,3,SKU-122,1,64.99,64.99,2026-01-01 13:50:00,9999-12-31 23:59:59
100050,4,SKU-123,2,71.99,143.98,2026-01-01 13:50:00,9999-12-31 23:59:59
100050,5,SKU-124,3,78.99,236.97,2026-01-01 13:50:00,9999-12-31 23:59:59
100051,1,SKU-125,4,85.99,343.96,2026-01-01 13:57:00,9999-12-31 23:59:59
100051,2,SKU-126,1,92.99,92.99,2026-01-01 13:57:00,9999-12-31 23:59:59
100051,3,SKU-127,2,99.99,199.98,2026-01-01 13:57:00,9999-12-31 23:59:59
100051,4,SKU-128,3,11.99,35.97,2026-01-01 13:57:00,9999-12-31 23:59:59
100051,5,SKU-129,4,18.99,75.96,2026-01-01 13:57:00,9999-12-31 23:59:59
100052,1,SKU-000,1,25.99,25.99,2026-01-01 14:04:00,9999-12-31 23:59:59
100052,2,SKU-001,2,32.99,65.98,2026-01-01 14:04:00,9999-12-31 23:59:59
100052,3,SKU-002,3,39.99,119.97,2026-01-01 14:04:00,9999-12-31 23:59:59
100052,4,SKU-003,4,46.99,187.96,2026-01-01 14:04:00,9999-12-31 23:59:59
100052,5,SKU-004,1,53.99,53.99,2026-01-01 14:04:00,9999-12-31 23:59:59
100053,1,SKU-005,2,60.99,121.98,2026-01-01 14:11:00,9999-12-31 23:59:59
100053,2,SKU-006,3,67.99,203.97,2026-01-01 14:11:00,9999-12-31 23:59:59
100053,3,SKU-007,4,74.99,299.96,2026-01-01 14:11:00,9999-12-31 23:59:59
100053,4,SKU-008,1,81.99,81.99,2026-01-01 14:11:00,9999-12-31 23:59:59
100053,5,SKU-009,2,88.99,177.98,2026-01-01 14:11:00,9999-12-31 23:59:59
100054,1,SKU-010,3,95.99,287.97,2026-01-01 14:18:00,9999-12-31 23:59:59
100054,2,SKU-011,4,102.99,411.96,2026-01-01 14:18:00,9999-12-31 23:59:59
100054,3,SKU-012,1,14.99,14.99,2026-01-01 14:18:00,9999-12-31 23:59:59
100054,4,SKU-013,2,21.99,43.98,2026-01-01 14:18:00,9999-12-31 23:59:59
100054,5,SKU-014,3,28.99,86.97,2026-01-01 14:18:00,9999-12-31 23:59:59
100055,1,SKU-015,4,35.99,143.96,2026-01-01 14:25:00,9999-12-31 23:59:59
100055,2,SKU-016,1,42.99,42.99,2026-01-01 14:25:00,9999-12-31 23:59:59
100055,3,SKU-017,2,49.99,99.98,2026-01-01 14:25:00,9999-12-31 23:59:59
100055,4,SKU-018,3,56.99,170.97,2026-01-01 14:25:00,9999-12-31 23:59:59
100055,5,SKU-019,4,63.99,255.96,2026-01-01 14:25:00,9999-12-31 23:59:59
100056,1,SKU-020,1,70.99,70.99,2026-01-01 14:32:00,9999-12-31 23:59:59
100056,2,SKU-021,2,77.99,155.98,2026-01-01 14:32:00,9999-12-31 23:59:59
100056,3,SKU-022,3,84.99,254.97,2026-01-01 14:32:00,9999-12-31 23:59:59
100056,4,SKU-023,4,91.99,367.96,2026-01-01 14:32:00,9999-12-31 23:59:59
100056,5,SKU-024,1,98.99,98.99,2026-01-01 14:32:00,9999-12-31 23:59:59
100057,1,SKU-025,2,10.99,21.98,2026-01-01 14:39:00,9999-12-31 23:59:59
100057,2,SKU-026,3,17.99,53.97,2026-01-01 14:39:00,9999-12-31 23:59:59
100057,3,SKU-027,4,24.99,99.96,2026-01-01 14:39:00,9999-12-31 23:59:59
100057,4,SKU-028,1,31.99,31.99,2026-01-01 14:39:00,9999-12-31 23:59:59
100057,5,SKU-029,2,38.99,77.98,2026-01-01 14:39:00,9999-12-31 23:59:59
100058,1,SKU-030,3,45.99,137.97,2026-01-01 14:46:00,9999-12-31 23:59:59
100058,2,SKU-031,4,52.99,211.96,2026-01-01 14:46:00,9999-12-31 23:59:59
100058,3,SKU-032,1,59.99,59.99,2026-01-01 14:46:00,9999-12-31 23:59:59
100058,4,SKU-033,2,66.99,133.98,2026-01-01 14:46:00,9999-12-31 23:59:59
100058,5,SKU-034,3,73.99,221.97,2026-01-01 14:46:00,9999-12-31 23:59:59
100059,1,SKU-035,4,80.99,323.96,2026-01-01 14:53:00,9999-12-31 23:59:59
100059,2,SKU-036,1,87.99,87.99,2026-01-01 14:53:00,9999-12-31 23:59:59
100059,3,SKU-037,2,94.99,189.98,2026-01-01 14:53:00,9999-12-31 23:59:59
100059,4,SKU-038,3,101.99,305.97,2026-01-01 14:53:00,9999-12-31 23:59:59
100059,5,SKU-039,4,13.99,55.96,2026-01-01 14:53:00,9999-12-31 23:59:59
100060,1,SKU-040,1,20.99,20.99,2026-01-01 15:00:00,9999-12-31 23:59:59
100060,2,SKU-041,2,27.99,55.98,2026-01-01 15:00:00,9999-12-31 23:59:59
100060,3,SKU-042,3,34.99,104.97,2026-01-01 15:00:00,9999-12-31 23:59:59
100060,4,SKU-043,4,41.99,167.96,2026-01-01 15:00:00,9999-12-31 23:59:59
100060,5,SKU-044,1,48.99,48.99,2026-01-01 15:00:00,9999-12-31 23:59:59
100061,1,SKU-045,2,55.99,111.98,2026-01-01 15:07:00,9999-12-31 23:59:59
100061,2,SKU-046,3,62.99,188.97,2026-01-01 15:07:00,9999-12-31 23:59:59
100061,3,SKU-047,4,69.99,279.96,2026-01-01 15:07:00,9999-12-31 23:59:59
100061,4,SKU-048,1,76.99,76.99,2026-01-01 15:07:00,9999-12-31 23:59:59
100061,5,SKU-049,2,83.99,167.98,2026-01-01 15:07:00,9999-12-31 23:59:59
100062,1,SKU-050,3,90.99,272.97,2026-01-01 15:14:00,9999-12-31 23:59:59
100062,2,SKU-051,4,97.99,391.96,2026-01-01 15:14:00,9999-12-31 23:59:59
100062,3,SKU-052,1,104.99,104.99,2026-01-01 15:14:00,9999-12-31 23:59:59
100062,4,SKU-053,2,16.99,33.98,2026-01-01 15:14:00,9999-12-31 23:59:59
100062,5,SKU-054,3,23.99,71.97,2026-01-01 15:14:00,9999-12-31 23:59:59
100063,1,SKU-055,4,30.99,123.96,2026-01-01 15:21:00,9999-12-31 23:59:59
100063,2,SKU-056,1,37.99,37.99,2026-01-01 15:21:00,9999-12-31 23:59:59
100063,3,SKU-057,2,44.99,89.98,2026-01-01 15:21:00,9999-12-31 23:59:59
100063,4,SKU-058,3,51.99,155.97,2026-01-01 15:21:00,9999-12-31 23:59:59
100063,5,SKU-059,4,58.99,235.96,2026-01-01 15:21:00,9999-12-31 23:59:59
100064,1,SKU-060,1,65.99,65.99,2026-01-01 15:28:00,9999-12-31 23:59:59
100064,2,SKU-061,2,72.99,145.98,2026-01-01 15:28:00,9999-12-31 23:59:59
100064,3,SKU-062,3,79.99,239.97,2026-01-01 15:28:00,9999-12-31 23:59:59
100064,4,SKU-063,4,86.99,347.96,2026-01-01 15:28:00,9999-12-31 23:59:59
100064,5,SKU-064,1,93.99,93.99,2026-01-01 15:28:00,9999-12-31 23:59:59
100065,1,SKU-065,2,100.99,201.98,2026-01-01 15:35:00,9999-12-31 23:59:59
100065,2,SKU-066,3,12.99,38.97,2026-01-01 15:35:00,9999-12-31 23:59:59
100065,3,SKU-067,4,19.99,79.96,2026-01-01 15:35:00,9999-12-31 23:59:59
100065,4,SKU-068,1,26.99,26.99,2026-01-01 15:35:00,9999-12-31 23:59:59
100065,5,SKU-069,2,33.99,67.98,2026-01-01 15:35:00,9999-12-31 23:59:59
100066,1,SKU-070,3,40.99,122.97,2026-01-01 15:42:00,9999-12-31 23:59:59
100066,2,SKU-071,4,47.99,191.96,2026-01-01 15:42:00,9999-12-31 23:59:59
100066,3,SKU-072,1,54.99,54.99,2026-01-01 15:42:00,9999-12-31 23:59:59
100066,4,SKU-073,2,61.99,123.98,2026-01-01 15:42:00,9999-12-31 23:59:59
100066,5,SKU-074,3,68.99,206.97,2026-01-01 15:42:00,9999-12-31 23:59:59
100067,1,SKU-075,4,75.99,303.96,2026-01-01 15:49:00,9999-12-31 23:59:59
100067,2,SKU-076,1,82.99,82.99,2026-01-01 15:49:00,9999-12-31 23:59:59
100067,3,SKU-077,2,89.99,179.98,2026-01-01 15:49:00,9999-12-31 23:59:59
100067,4,SKU-078,3,96.99,290.97,2026-01-01 15:49:00,9999-12-31 23:59:59
100067,5,SKU-079,4,103.99,415.96,2026-01-01 15:49:00,9999-12-31 23:59:59
100068,1,SKU-080,1,15.99,15.99,2026-01-01 15:56:00,9999-12-31 23:59:59
100068,2,SKU-081,2,22.99,45.98,2026-01-01 15:56:00,9999-12-31 23:59:59
100068,3,SKU-082,3,29.99,89.97,2026-01-01 15:56:00,9999-12-31 23:59:59
100068,4,SKU-083,4,36.99,147.96,2026-01-01 15:56:00,9999-12-31 23:59:59
100068,5,SKU-084,1,43.99,43.99,2026-01-01 15:56:00,9999-12-31 23:59:59
100069,1,SKU-085,2,50.99,101.98,2026-01-01 16:03:00,9999-12-31 23:59:59
100069,2,SKU-086,3,57.99,173.97,2026-01-01 16:03:00,9999-12-31 23:59:59
100069,3,SKU-087,4,64.99,259.96,2026-01-01 16:03:00,9999-12-31 23:59:59
100069,4,SKU-088,1,71.99,71.99,2026-01-01 16:03:00,9999-12-31 23:59:59
100069,5,SKU-089,2,78.99,157.98,2026-01-01 16:03:00,9999-12-31 23:59:59
100070,1,SKU-090,3,85.99,257.97,2026-01-01 16:10:00,9999-12-31 23:59:59
100070,2,SKU-091,4,92.99,371.96,2026-01-01 16:10:00,9999-12-31 23:59:59
100070,3,SKU-092,1,99.99,99.99,2026-01-01 16:10:00,9999-12-31 23:59:59
100070,4,SKU-093,2,11.99,23.98,2026-01-01 16:10:00,9999-12-31 23:59:59
100070,5,SKU-094,3,18.99,56.97,2026-01-01 16:10:00,9999-12-31 23:59:59
100071,1,SKU-095,4,25.99,103.96,2026-01-01 16:17:00,9999-12-31 23:59:59
100071,2,SKU-096,1,32.99,32.99,2026-01-01 16:17:00,9999-12-31 23:59:59
100071,3,SKU-097,2,39.99,79.98,2026-01-01 16:17:00,9999-12-31 23:59:59
100071,4,SKU-098,3,46.99,140.97,2026-01-01 16:17:00,9999-12-31 23:59:59
100071,5,SKU-099,4,53.99,215.96,2026-01-01 16:17:00,9999-12-31 23:59:59
100072,1,SKU-100,1,60.99,60.99,2026-01-01 16:24:00,9999-12-31 23:59:59
100072,2,SKU-101,2,67.99,135.98,2026-01-01 16:24:00,9999-12-31 23:59:59
100072,3,SKU-102,3,74.99,224.97,2026-01-01 16:24:00,9999-12-31 23:59:59
100072,4,SKU-103,4,81.99,327.96,2026-01-01 16:24:00,9999-12-31 23:59:59
100072,5,SKU-104,1,88.99,88.99,2026-01-01 16:24:00,9999-12-31 23:59:59
100073,1,SKU-105,2,95.99,191.98,2026-01-01 16:31:00,9999-12-31 23:59:59
100073,2,SKU-106,3,102.99,308.97,2026-01-01 16:31:00,9999-12-31 23:59:59
100073,3,SKU-107,4,14.99,59.96,2026-01-01 16:31:00,9999-12-31 23:59:59
100073,4,SKU-108,1,21.99,21.99,2026-01-01 16:31:00,9999-12-31 23:59:59
100073,5,SKU-109,2,28.99,57.98,2026-01-01 16:31:00,9999-12-31 23:59:59
100074,1,SKU-110,3,35.99,107.97,2026-01-01 16:38:00,9999-12-31 23:59:59
100074,2,SKU-111,4,42.99,171.96,2026-01-01 16:38:00,9999-12-31 23:59:59
100074,3,SKU-112,1,49.99,49.99,2026-01-01 16:38:00,9999-12-31 23:59:59
100074,4,SKU-113,2,56.99,113.98,2026-01-01 16:38:00,9999-12-31 23:59:59
100074,5,SKU-114,3,63.99,191.97,2026-01-01 16:38:00,9999-12-31 23:59:59
100075,1,SKU-115,4,70.99,283.96,2026-01-01 16:45:00,9999-12-31 23:59:59
100075,2,SKU-116,1,77.99,77.99,2026-01-01 16:45:00,9999-12-31 23:59:59
100075,3,SKU-117,2,84.99,169.98,2026-01-01 16:45:00,9999-12-31 23:59:59
100075,4,SKU-118,3,91.99,275.97,2026-01-01 16:45:00,9999-12-31 23:59:59
100075,5,SKU-119,4,98.99,395.96,2026-01-01 16:45:00,9999-12-31 23:59:59
100076,1,SKU-120,1,10.99,10.99,2026-01-01 16:52:00,9999-12-31 23:59:59
100076,2,SKU-121,2,17.99,35.98,2026-01-01 16:52:00,9999-12-31 23:59:59
100076,3,SKU-122,3,24.99,74.97,2026-01-01 16:52:00,9999-12-31 23:59:59
100076,4,SKU-123,4,31.99,127.96,2026-01-01 16:52:00,9999-12-31 23:59:59
100076,5,SKU-124,1,38.99,38.99,2026-01-01 16:52:00,9999-12-31 23:59:59
100077,1,SKU-125,2,45.99,91.98,2026-01-01 16:59:00,9999-12-31 23:59:59
100077,2,SKU-126,3,52.99,158.97,2026-01-01 16:59:00,9999-12-31 23:59:59
100077,3,SKU-127,4,59.99,239.96,2026-01-01 16:59:00,9999-12-31 23:59:59
100077,4,SKU-128,1,66.99,66.99,2026-01-01 16:59:00,9999-12-31 23:59:59
100077,5,SKU-129,2,73.99,147.98,2026-01-01 16:59:00,9999-12-31 23:59:59
100078,1,SKU-000,3,80.99,242.97,2026-01-01 17:06:00,9999-12-31 23:59:59
100078,2,SKU-001,4,87.99,351.96,2026-01-01 17:06:00,9999-12-31 23:59:59
100078,3,SKU-002,1,94.99,94.99,2026-01-01 17:06:00,9999-12-31 23:59:59
100078,4,SKU-003,2,101.99,203.98,2026-01-01 17:06:00,9999-12-31 23:59:59
100078,5,SKU-004,3,13.99,41.97,2026-01-01 17:06:00,9999-12-31 23:59:59
100079,1,SKU-005,4,20.99,83.96,2026-01-01 17:13:00,9999-12-31 23:59:59
100079,2,SKU-006,1,27.99,27.99,2026-01-01 17:13:00,9999-12-31 23:59:59
100079,3,SKU-007,2,34.99,69.98,2026-01-01 17:13:00,9999-12-31 23:59:59
100079,4,SKU-008,3,41.99,125.97,2026-01-01 17:13:00,9999-12-31 23:59:59
100079,5,SKU-009,4,48.99,195.96,2026-01-01 17:13:00,9999-12-31 23:59:59
100080,1,SKU-010,1,55.99,55.99,2026-01-01 17:20:00,9999-12-31 23:59:59
100080,2,SKU-011,2,62.99,125.98,2026-01-01 17:20:00,9999-12-31 23:59:59
100080,3,SKU-012,3,69.99,209.97,2026-01-01 17:20:00,9999-12-31 23:59:59
100080,4,SKU-013,4,76.99,307.96,2026-01-01 17:20:00,9999-12-31 23:59:59
100080,5,SKU-014,1,83.99,83.99,2026-01-01 17:20:00,9999-12-31 23:59:59
100081,1,SKU-015,2,90.99,181.98,2026-01-01 17:27:00,9999-12-31 23:59:59
100081,2,SKU-016,3,97.99,293.97,2026-01-01 17:27:00,9999-12-31 23:59:59
100081,3,SKU-017,4,104.99,419.96,2026-01-01 17:27:00,9999-12-31 23:59:59
100081,4,SKU-018,1,16.99,16.99,2026-01-01 17:27:00,9999-12-31 23:59:59
100081,5,SKU-019,2,23.99,47.98,2026-01-01 17:27:00,9999-12-31 23:59:59
100082,1,SKU-020,3,30.99,92.97,2026-01-01 17:34:00,9999-12-31 23:59:59
100082,2,SKU-021,4,37.99,151.96,2026-01-01 17:34:00,9999-12-31 23:59:59
100082,3,SKU-022,1,44.99,44.99,2026-01-01 17:34:00,9999-12-31 23:59:59
100082,4,SKU-023,2,51.99,103.98,2026-01-01 17:34:00,9999-12-31 23:59:59
100082,5,SKU-024,3,58.99,176.97,2026-01-01 17:34:00,9999-12-31 23:59:59
100083,1,SKU-025,4,65.99,263.96,2026-01-01 17:41:00,9999-12-31 23:59:59
100083,2,SKU-026,1,72.99,72.99,2026-01-01 17:41:00,9999-12-31 23:59:59
100083,3,SKU-027,2,79.99,159.98,2026-01-01 17:41:00,9999-12-31 23:59:59
100083,4,SKU-028,3,86.99,260.97,2026-01-01 17:41:00,9999-12-31 23:59:59
100083,5,SKU-029,4,93.99,375.96,2026-01-01 17:41:00,9999-12-31 23:59:59
100084,1,SKU-030,1,100.99,100.99,2026-01-01 17:48:00,9999-12-31 23:59:59
100084,2,SKU-031,2,12.99,25.98,2026-01-01 17:48:00,9999-12-31 23:59:59
100084,3,SKU-032,3,19.99,59.97,2026-01-01 17:48:00,9999-12-31 23:59:59
100084,4,SKU-033,4,26.99,107.96,2026-01-01 17:48:00,9999-12-31 23:59:59
100084,5,SKU-034,1,33.99,33.99,2026-01-01 17:48:00,9999-12-31 23:59:59
100085,1,SKU-035,2,40.99,81.98,2026-01-01 17:55:00,9999-12-31 23:59:59
100085,2,SKU-036,3,47.99,143.97,2026-01-01 17:55:00,9999-12-31 23:59:59
100085,3,SKU-037,4,54.99,219.96,2026-01-01 17:55:00,9999-12-31 23:59:59
100085,4,SKU-038,1,61.99,61.99,2026-01-01 17:55:00,9999-12-31 23:59:59
100085,5,SKU-039,2,68.99,137.98,2026-01-01 17:55:00,9999-12-31 23:59:59
100086,1,SKU-040,3,75.99,227.97,2026-01-01 18:02:00,9999-12-31 23:59:59
100086,2,SKU-041,4,82.99,331.96,2026-01-01 18:02:00,9999-12-31 23:59:59
100086,3,SKU-042,1,89.99,89.99,2026-01-01 18:02:00,9999-12-31 23:59:59
100086,4,SKU-043,2,96.99,193.98,2026-01-01 18:02:00,9999-12-31 23:59:59
100086,5,SKU-044,3,103.99,311.97,2026-01-01 18:02:00,9999-12-31 23:59:59
100087,1,SKU-045,4,15.99,63.96,2026-01-01 18:09:00,9999-12-31 23:59:59
100087,2,SKU-046,1,22.99,22.99,2026-01-01 18:09:00,9999-12-31 23:59:59
100087,3,SKU-047,2,29.99,59.98,2026-01-01 18:09:00,9999-12-31 23:59:59
100087,4,SKU-048,3,36.99,110.97,2026-01-01 18:09:00,9999-12-31 23:59:59
100087,5,SKU-049,4,43.99,175.96,2026-01-01 18:09:00,9999-12-31 23:59:59
100088,1,SKU-050,1,50.99,50.99,2026-01-01 18:16:00,9999-12-31 23:59:59
100088,2,SKU-051,2,57.99,115.98,2026-01-01 18:16:00,9999-12-31 23:59:59
100088,3,SKU-052,3,64.99,194.97,2026-01-01 18:16:00,9999-12-31 23:59:59
100088,4,SKU-053,4,71.99,287.96,2026-01-01 18:16:00,9999-12-31 23:59:59
100088,5,SKU-054,1,78.99,78.99,2026-01-01 18:16:00,9999-12-31 23:59:59
100089,1,SKU-055,2,85.99,171.98,2026-01-01 18:23:00,9999-12-31 23:59:59
100089,2,SKU-056,3,92.99,278.97,2026-01-01 18:23:00,9999-12-31 23:59:59
100089,3,SKU-057,4,99.99,399.96,2026-01-01 18:23:00,9999-12-31 23:59:59
100089,4,SKU-058,1,11.99,11.99,2026-01-01 18:23:00,9999-12-31 23:59:59
100089,5,SKU-059,2,18.99,37.98,2026-01-01 18:23:00,9999-12-31 23:59:59
100090,1,SKU-060,3,25.99,77.97,2026-01-01 18:30:00,9999-12-31 23:59:59
100090,2,SKU-061,4,32.99,131.96,2026-01-01 18:30:00,9999-12-31 23:59:59
100090,3,SKU-062,1,39.99,39.99,2026-01-01 18:30:00,9999-12-31 23:59:59
100090,4,SKU-063,2,46.99,93.98,2026-01-01 18:30:00,9999-12-31 23:59:59
100090,5,SKU-064,3,53.99,161.97,2026-01-01 18:30:00,9999-12-31 23:59:59
100091,1,SKU-065,4,60.99,243.96,2026-01-01 18:37:00,9999-12-31 23:59:59
100091,2,SKU-066,1,67.99,67.99,2026-01-01 18:37:00,9999-12-31 23:59:59
100091,3,SKU-067,2,74.99,149.98,2026-01-01 18:37:00,9999-12-31 23:59:59
100091,4,SKU-068,3,81.99,245.97,2026-01-01 18:37:00,9999-12-31 23:59:59
100091,5,SKU-069,4,88.99,355.96,2026-01-01 18:37:00,9999-12-31 23:59:59
100092,1,SKU-070,1,95.99,95.99,2026-01-01 18:44:00,9999-12-31 23:59:59
100092,2,SKU-071,2,102.99,205.98,2026-01-01 18:44:00,9999-12-31 23:59:59
100092,3,SKU-072,3,14.99,44.97,2026-01-01 18:44:00,9999-12-31 23:59:59
100092,4,SKU-073,4,21.99,87.96,2026-01-01 18:44:00,9999-12-31 23:59:59
100092,5,SKU-074,1,28.99,28.99,2026-01-01 18:44:00,9999-12-31 23:59:59
100093,1,SKU-075,2,35.99,71.98,2026-01-01 18:51:00,9999-12-31 23:59:59
100093,2,SKU-076,3,42.99,128.97,2026-01-01 18:51:00,9999-12-31 23:59:59
100093,3,SKU-077,4,49.99,199.96,2026-01-01 18:51:00,9999-12-31 23:59:59
100093,4,SKU-078,1,56.99,56.99,2026-01-01 18:51:00,9999-12-31 23:59:59
100093,5,SKU-079,2,63.99,127.98,2026-01-01 18:51:00,9999-12-31 23:59:59
100094,1,SKU-080,3,70.99,212.97,2026-01-01 18:58:00,9999-12-31 23:59:59
100094,2,SKU-081,4,77.99,311.96,2026-01-01 18:58:00,9999-12-31 23:59:59
100094,3,SKU-082,1,84.99,84.99,2026-01-01 18:58:00,9999-12-31 23:59:59
100094,4,SKU-083,2,91.99,183.98,2026-01-01 18:58:00,9999-12-31 23:59:59
100094,5,SKU-084,3,98.99,296.97,2026-01-01 18:58:00,9999-12-31 23:59:59
100095,1,SKU-085,4,10.99,43.96,2026-01-01 19:05:00,9999-12-31 23:59:59
100095,2,SKU-086,1,17.99,17.99,2026-01-01 19:05:00,9999-12-31 23:59:59
100095,3,SKU-087,2,24.99,49.98,2026-01-01 19:05:00,9999-12-31 23:59:59
100095,4,SKU-088,3,31.99,95.97,2026-01-01 19:05:00,9999-12-31 23:59:59
100095,5,SKU-089,4,38.99,155.96,2026-01-01 19:05:00,9999-12-31 23:59:59
100096,1,SKU-090,1,45.99,45.99,2026-01-01 19:12:00,9999-12-31 23:59:59
100096,2,SKU-091,2,52.99,105.98,2026-01-01 19:12:00,9999-12-31 23:59:59
100096,3,SKU-092,3,59.99,179.97,2026-01-01 19:12:00,9999-12-31 23:59:59
100096,4,SKU-093,4,66.99,267.96,2026-01-01 19:12:00,9999-12-31 23:59:59
100096,5,SKU-094,1,73.99,73.99,2026-01-01 19:12:00,9999-12-31 23:59:59
100097,1,SKU-095,2,80.99,161.98,2026-01-01 19:19:00,9999-12-31 23:59:59
100097,2,SKU-096,3,87.99,263.97,2026-01-01 19:19:00,9999-12-31 23:59:59
100097,3,SKU-097,4,94.99,379.96,2026-01-01 19:19:00,9999-12-31 23:59:59
100097,4,SKU-098,1,101.99,101.99,2026-01-01 19:19:00,9999-12-31 23:59:59
100097,5,SKU-099,2,13.99,27.98,2026-01-01 19:19:00,9999-12-31 23:59:59
100098,1,SKU-100,3,20.99,62.97,2026-01-01 19:26:00,9999-12-31 23:59:59
100098,2,SKU-101,4,27.99,111.96,2026-01-01 19:26:00,9999-12-31 23:59:59
100098,3,SKU-102,1,34.99,34.99,2026-01-01 19:26:00,9999-12-31 23:59:59
100098,4,SKU-103,2,41.99,83.98,2026-01-01 19:26:00,9999-12-31 23:59:59
100098,5,SKU-104,3,48.99,146.97,2026-01-01 19:26:00,9999-12-31 23:59:59
100099,1,SKU-105,4,55.99,223.96,2026-01-01 19:33:00,9999-12-31 23:59:59
100099,2,SKU-106,1,62.99,62.99,2026-01-01 19:33:00,9999-12-31 23:59:59
100099,3,SKU-107,2,69.99,139.98,2026-01-01 19:33:00,9999-12-31 23:59:59
100099,4,SKU-108,3,76.99,230.97,2026-01-01 19:33:00,9999-12-31 23:59:59
100099,5,SKU-109,4,83.99,335.96,2026-01-01 19:33:00,9999-12-31 23:59:59
100100,1,SKU-110,1,90.99,90.99,2026-01-01 19:40:00,9999-12-31 23:59:59
100100,2,SKU-111,2,97.99,195.98,2026-01-01 19:40:00,9999-12-31 23:59:59
100100,3,SKU-112,3,104.99,314.97,2026-01-01 19:40:00,9999-12-31 23:59:59
100100,4,SKU-113,4,16.99,67.96,2026-01-01 19:40:00,9999-12-31 23:59:59
100100,5,SKU-114,1,23.99,23.99,2026-01-01 19:40:00,9999-12-31 23:59:59
100101,1,SKU-115,2,30.99,61.98,2026-01-01 19:47:00,9999-12-31 23:59:59
100101,2,SKU-116,3,37.99,113.97,2026-01-01 19:47:00,9999-12-31 23:59:59
100101,3,SKU-117,4,44.99,179.96,2026-01-01 19:47:00,9999-12-31 23:59:59
100101,4,SKU-118,1,51.99,51.99,2026-01-01 19:47:00,9999-12-31 23:59:59
100101,5,SKU-119,2,58.99,117.98,2026-01-01 19:47:00,9999-12-31 23:59:59
100102,1,SKU-120,3,65.99,197.97,2026-01-01 19:54:00,9999-12-31 23:59:59
100102,2,SKU-121,4,72.99,291.96,2026-01-01 19:54:00,9999-12-31 23:59:59
100102,3,SKU-122,1,79.99,79.99,2026-01-01 19:54:00,9999-12-31 23:59:59
100102,4,SKU-123,2,86.99,173.98,2026-01-01 19:54:00,9999-12-31 23:59:59
100102,5,SKU-124,3,93.99,281.97,2026-01-01 19:54:00,9999-12-31 23:59:59
100103,1,SKU-125,4,100.99,403.96,2026-01-01 20:01:00,9999-12-31 23:59:59
100103,2,SKU-126,1,12.99,12.99,2026-01-01 20:01:00,9999-12-31 23:59:59
100103,3,SKU-127,2,19.99,39.98,2026-01-01 20:01:00,9999-12-31 23:59:59
100103,4,SKU-128,3,26.99,80.97,2026-01-01 20:01:00,9999-12-31 23:59:59
100103,5,SKU-129,4,33.99,135.96,2026-01-01 20:01:00,9999-12-31 23:59:59
100104,1,SKU-000,1,40.99,40.99,2026-01-01 20:08:00,9999-12-31 23:59:59
100104,2,SKU-001,2,47.99,95.98,2026-01-01 20:08:00,9999-12-31 23:59:59
100104,3,SKU-002,3,54.99,164.97,2026-01-01 20:08:00,9999-12-31 23:59:59
100104,4,SKU-003,4,61.99,247.96,2026-01-01 20:08:00,9999-12-31 23:59:59
100104,5,SKU-004,1,68.99,68.99,2026-01-01 20:08:00,9999-12-31 23:59:59
100105,1,SKU-005,2,75.99,151.98,2026-01-01 20:15:00,9999-12-31 23:59:59
100105,2,SKU-006,3,82.99,248.97,2026-01-01 20:15:00,9999-12-31 23:59:59
100105,3,SKU-007,4,89.99,359.96,2026-01-01 20:15:00,9999-12-31 23:59:59
100105,4,SKU-008,1,96.99,96.99,2026-01-01 20:15:00,9999-12-31 23:59:59
100105,5,SKU-009,2,103.99,207.98,2026-01-01 20:15:00,9999-12-31 23:59:59
100106,1,SKU-010,3,15.99,47.97,2026-01-01 20:22:00,9999-12-31 23:59:59
100106,2,SKU-011,4,22.99,91.96,2026-01-01 20:22:00,9999-12-31 23:59:59
100106,3,SKU-012,1,29.99,29.99,2026-01-01 20:22:00,9999-12-31 23:59:59
100106,4,SKU-013,2,36.99,73.98,2026-01-01 20:22:00,9999-12-31 23:59:59
100106,5,SKU-014,3,43.99,131.97,2026-01-01 20:22:00,9999-12-31 23:59:59
100107,1,SKU-015,4,50.99,203.96,2026-01-01 20:29:00,9999-12-31 23:59:59
100107,2,SKU-016,1,57.99,57.99,2026-01-01 20:29:00,9999-12-31 23:59:59
100107,3,SKU-017,2,64.99,129.98,2026-01-01 20:29:00,9999-12-31 23:59:59
100107,4,SKU-018,3,71.99,215.97,2026-01-01 20:29:00,9999-12-31 23:59:59
100107,5,SKU-019,4,78.99,315.96,2026-01-01 20:29:00,9999-12-31 23:59:59
100108,1,SKU-020,1,85.99,85.99,2026-01-01 20:36:00,9999-12-31 23:59:59
100108,2,SKU-021,2,92.99,185.98,2026-01-01 20:36:00,9999-12-31 23:59:59
100108,3,SKU-022,3,99.99,299.97,2026-01-01 20:36:00,9999-12-31 23:59:59
100108,4,SKU-023,4,11.99,47.96,2026-01-01 20:36:00,9999-12-31 23:59:59
100108,5,SKU-024,1,18.99,18.99,2026-01-01 20:36:00,9999-12-31 23:59:59
100109,1,SKU-025,2,25.99,51.98,2026-01-01 20:43:00,9999-12-31 23:59:59
100109,2,SKU-026,3,32.99,98.97,2026-01-01 20:43:00,9999-12-31 23:59:59
100109,3,SKU-027,4,39.99,159.96,2026-01-01 20:43:00,9999-12-31 23:59:59
100109,4,SKU-028,1,46.99,46.99,2026-01-01 20:43:00,9999-12-31 23:59:59
100109,5,SKU-029,2,53.99,107.98,2026-01-01 20:43:00,9999-12-31 23:59:59
100110,1,SKU-030,3,60.99,182.97,2026-01-01 20:50:00,9999-12-31 23:59:59
100110,2,SKU-031,4,67.99,271.96,2026-01-01 20:50:00,9999-12-31 23:59:59
100110,3,SKU-032,1,74.99,74.99,2026-01-01 20:50:00,9999-12-31 23:59:59
100110,4,SKU-033,2,81.99,163.98,2026-01-01 20:50:00,9999-12-31 23:59:59
100110,5,SKU-034,3,88.99,266.97,2026-01-01 20:50:00,9999-12-31 23:59:59
100111,1,SKU-035,4,95.99,383.96,2026-01-01 20:57:00,9999-12-31 23:59:59
100111,2,SKU-036,1,102.99,102.99,2026-01-01 20:57:00,9999-12-31 23:59:59
100111,3,SKU-037,2,14.99,29.98,2026-01-01 20:57:00,9999-12-31 23:59:59
100111,4,SKU-038,3,21.99,65.97,2026-01-01 20:57:00,9999-12-31 23:59:59
100111,5,SKU-039,4,28.99,115.96,2026-01-01 20:57:00,9999-12-31 23:59:59
100112,1,SKU-040,1,35.99,35.99,2026-01-01 21:04:00,9999-12-31 23:59:59
100112,2,SKU-041,2,42.99,85.98,2026-01-01 21:04:00,9999-12-31 23:59:59
100112,3,SKU-042,3,49.99,149.97,2026-01-01 21:04:00,9999-12-31 23:59:59
100112,4,SKU-043,4,56.99,227.96,2026-01-01 21:04:00,9999-12-31 23:59:59
100112,5,SKU-044,1,63.99,63.99,2026-01-01 21:04:00,9999-12-31 23:59:59
100113,1,SKU-045,2,70.99,141.98,2026-01-01 21:11:00,9999-12-31 23:59:59
100113,2,SKU-046,3,77.99,233.97,2026-01-01 21:11:00,9999-12-31 23:59:59
100113,3,SKU-047,4,84.99,339.96,2026-01-01 21:11:00,9999-12-31 23:59:59
100113,4,SKU-048,1,91.99,91.99,2026-01-01 21:11:00,9999-12-31 23:59:59
100113,5,SKU-049,2,98.99,197.98,2026-01-01 21:11:00,9999-12-31 23:59:59
100114,1,SKU-050,3,10.99,32.97,2026-01-01 21:18:00,9999-12-31 23:59:59
100114,2,SKU-051,4,17.99,71.96,2026-01-01 21:18:00,9999-12-31 23:59:59
100114,3,SKU-052,1,24.99,24.99,2026-01-01 21:18:00,9999-12-31 23:59:59
100114,4,SKU-053,2,31.99,63.98,2026-01-01 21:18:00,9999-12-31 23:59:59
100114,5,SKU-054,3,38.99,116.97,2026-01-01 21:18:00,9999-12-31 23:59:59
100115,1,SKU-055,4,45.99,183.96,2026-01-01 21:25:00,9999-12-31 23:59:59
100115,2,SKU-056,1,52.99,52.99,2026-01-01 21:25:00,9999-12-31 23:59:59
100115,3,SKU-057,2,59.99,119.98,2026-01-01 21:25:00,9999-12-31 23:59:59
100115,4,SKU-058,3,66.99,200.97,2026-01-01 21:25:00,9999-12-31 23:59:59
100115,5,SKU-059,4,73.99,295.96,2026-01-01 21:25:00,9999-12-31 23:59:59
100116,1,SKU-060,1,80.99,80.99,2026-01-01 21:32:00,9999-12-31 23:59:59
100116,2,SKU-061,2,87.99,175.98,2026-01-01 21:32:00,9999-12-31 23:59:59
100116,3,SKU-062,3,94.99,284.97,2026-01-01 21:32:00,9999-12-31 23:59:59
100116,4,SKU-063,4,101.99,407.96,2026-01-01 21:32:00,9999-12-31 23:59:59
100116,5,SKU-064,1,13.99,13.99,2026-01-01 21:32:00,9999-12-31 23:59:59
100117,1,SKU-065,2,20.99,41.98,2026-01-01 21:39:00,9999-12-31 23:59:59
100117,2,SKU-066,3,27.99,83.97,2026-01-01 21:39:00,9999-12-31 23:59:59
100117,3,SKU-067,4,34.99,139.96,2026-01-01 21:39:00,9999-12-31 23:59:59
100117,4,SKU-068,1,41.99,41.99,2026-01-01 21:39:00,9999-12-31 23:59:59
100117,5,SKU-069,2,48.99,97.98,2026-01-01 21:39:00,9999-12-31 23:59:59
100118,1,SKU-070,3,55.99,167.97,2026-01-01 21:46:00,9999-12-31 23:59:59
100118,2,SKU-071,4,62.99,251.96,2026-01-01 21:46:00,9999-12-31 23:59:59
100118,3,SKU-072,1,69.99,69.99,2026-01-01 21:46:00,9999-12-31 23:59:59
100118,4,SKU-073,2,76.99,153.98,2026-01-01 21:46:00,9999-12-31 23:59:59
100118,5,SKU-074,3,83.99,251.97,2026-01-01 21:46:00,9999-12-31 23:59:59
100119,1,SKU-075,4,90.99,363.96,2026-01-01 21:53:00,9999-12-31 23:59:59
100119,2,SKU-076,1,97.99,97.99,2026-01-01 21:53:00,9999-12-31 23:59:59
100119,3,SKU-077,2,104.99,209.98,2026-01-01 21:53:00,9999-12-31 23:59:59
100119,4,SKU-078,3,16.99,50.97,2026-01-01 21:53:00,9999-12-31 23:59:59
100119,5,SKU-079,4,23.99,95.96,2026-01-01 21:53:00,9999-12-31 23:59:59
100120,1,SKU-080,1,30.99,30.99,2026-01-01 22:00:00,9999-12-31 23:59:59
100120,2,SKU-081,2,37.99,75.98,2026-01-01 22:00:00,9999-12-31 23:59:59
100120,3,SKU-082,3,44.99,134.97,2026-01-01 22:00:00,9999-12-31 23:59:59
100120,4,SKU-083,4,51.99,207.96,2026-01-01 22:00:00,9999-12-31 23:59:59
100120,5,SKU-084,1,58.99,58.99,2026-01-01 22:00:00,9999-12-31 23:59:59
100121,1,SKU-085,2,65.99,131.98,2026-01-01 22:07:00,9999-12-31 23:59:59
100121,2,SKU-086,3,72.99,218.97,2026-01-01 22:07:00,9999-12-31 23:59:59
100121,3,SKU-087,4,79.99,319.96,2026-01-01 22:07:00,9999-12-31 23:59:59
100121,4,SKU-088,1,86.99,86.99,2026-01-01 22:07:00,9999-12-31 23:59:59
100121,5,SKU-089,2,93.99,187.98,2026-01-01 22:07:00,9999-12-31 23:59:59
100122,1,SKU-090,3,100.99,302.97,2026-01-01 22:14:00,9999-12-31 23:59:59
100122,2,SKU-091,4,12.99,51.96,2026-01-01 22:14:00,9999-12-31 23:59:59
100122,3,SKU-092,1,19.99,19.99,2026-01-01 22:14:00,9999-12-31 23:59:59
100122,4,SKU-093,2,26.99,53.98,2026-01-01 22:14:00,9999-12-31 23:59:59
100122,5,SKU-094,3,33.99,101.97,2026-01-01 22:14:00,9999-12-31 23:59:59
100123,1,SKU-095,4,40.99,163.96,2026-01-01 22:21:00,9999-12-31 23:59:59
100123,2,SKU-096,1,47.99,47.99,2026-01-01 22:21:00,9999-12-31 23:59:59
100123,3,SKU-097,2,54.99,109.98,2026-01-01 22:21:00,9999-12-31 23:59:59
100123,4,SKU-098,3,61.99,185.97,2026-01-01 22:21:00,9999-12-31 23:59:59
100123,5,SKU-099,4,68.99,275.96,2026-01-01 22:21:00,9999-12-31 23:59:59
100124,1,SKU-100,1,75.99,75.99,2026-01-01 22:28:00,9999-12-31 23:59:59
100124,2,SKU-101,2,82.99,165.98,2026-01-01 22:28:00,9999-12-31 23:59:59
100124,3,SKU-102,3,89.99,269.97,2026-01-01 22:28:00,9999-12-31 23:59:59
100124,4,SKU-103,4,96.99,387.96,2026-01-01 22:28:00,9999-12-31 23:59:59
100124,5,SKU-104,1,103.99,103.99,2026-01-01 22:28:00,9999-12-31 23:59:59
100125,1,SKU-105,2,15.99,31.98,2026-01-01 22:35:00,9999-12-31 23:59:59
100125,2,SKU-106,3,22.99,68.97,2026-01-01 22:35:00,9999-12-31 23:59:59
100125,3,SKU-107,4,29.99,119.96,2026-01-01 22:35:00,9999-12-31 23:59:59
100125,4,SKU-108,1,36.99,36.99,2026-01-01 22:35:00,9999-12-31 23:59:59
100125,5,SKU-109,2,43.99,87.98,2026-01-01 22:35:00,9999-12-31 23:59:59
100126,1,SKU-110,3,50.99,152.97,2026-01-01 22:42:00,9999-12-31 23:59:59
100126,2,SKU-111,4,57.99,231.96,2026-01-01 22:42:00,9999-12-31 23:59:59
100126,3,SKU-112,1,64.99,64.99,2026-01-01 22:42:00,9999-12-31 23:59:59
100126,4,SKU-113,2,71.99,143.98,2026-01-01 22:42:00,9999-12-31 23:59:59
100126,5,SKU-114,3,78.99,236.97,2026-01-01 22:42:00,9999-12-31 23:59:59
100127,1,SKU-115,4,85.99,343.96,2026-01-01 22:49:00,9999-12-31 23:59:59
100127,2,SKU-116,1,92.99,92.99,2026-01-01 22:49:00,9999-12-31 23:59:59
100127,3,SKU-117,2,99.99,199.98,2026-01-01 22:49:00,9999-12-31 23:59:59
100127,4,SKU-118,3,11.99,35.97,2026-01-01 22:49:00,9999-12-31 23:59:59
100127,5,SKU-119,4,18.99,75.96,2026-01-01 22:49:00,9999-12-31 23:59:59
100128,1,SKU-120,1,25.99,25.99,2026-01-01 22:56:00,9999-12-31 23:59:59
100128,2,SKU-121,2,32.99,65.98,2026-01-01 22:56:00,9999-12-31 23:59:59
100128,3,SKU-122,3,39.99,119.97,2026-01-01 22:56:00,9999-12-31 23:59:59
100128,4,SKU-123,4,46.99,187.96,2026-01-01 22:56:00,9999-12-31 23:59:59
100128,5,SKU-124,1,53.99,53.99,2026-01-01 22:56:00,9999-12-31 23:59:59
100129,1,SKU-125,2,60.99,121.98,2026-01-01 23:03:00,9999-12-31 23:59:59
100129,2,SKU-126,3,67.99,203.97,2026-01-01 23:03:00,9999-12-31 23:59:59
100129,3,SKU-127,4,74.99,299.96,2026-01-01 23:03:00,9999-12-31 23:59:59
100129,4,SKU-128,1,81.99,81.99,2026-01-01 23:03:00,9999-12-31 23:59:59
100129,5,SKU-129,2,88.99,177.98,2026-01-01 23:03:00,9999-12-31 23:59:59
100130,1,SKU-000,3,95.99,287.97,2026-01-01 23:10:00,9999-12-31 23:59:59
100130,2,SKU-001,4,102.99,411.96,2026-01-01 23:10:00,9999-12-31 23:59:59
100130,3,SKU-002,1,14.99,14.99,2026-01-01 23:10:00,9999-12-31 23:59:59
100130,4,SKU-003,2,21.99,43.98,2026-01-01 23:10:00,9999-12-31 23:59:59
100130,5,SKU-004,3,28.99,86.97,2026-01-01 23:10:00,9999-12-31 23:59:59
100131,1,SKU-005,4,35.99,143.96,2026-01-01 23:17:00,9999-12-31 23:59:59
100131,2,SKU-006,1,42.99,42.99,2026-01-01 23:17:00,9999-12-31 23:59:59
100131,3,SKU-007,2,49.99,99.98,2026-01-01 23:17:00,9999-12-31 23:59:59
100131,4,SKU-008,3,56.99,170.97,2026-01-01 23:17:00,9999-12-31 23:59:59
100131,5,SKU-009,4,63.99,255.96,2026-01-01 23:17:00,9999-12-31 23:59:59
100132,1,SKU-010,1,70.99,70.99,2026-01-01 23:24:00,9999-12-31 23:59:59
100132,2,SKU-011,2,77.99,155.98,2026-01-01 23:24:00,9999-12-31 23:59:59
100132,3,SKU-012,3,84.99,254.97,2026-01-01 23:24:00,9999-12-31 23:59:59
100132,4,SKU-013,4,91.99,367.96,2026-01-01 23:24:00,9999-12-31 23:59:59
100132,5,SKU-014,1,98.99,98.99,2026-01-01 23:24:00,9999-12-31 23:59:59
100133,1,SKU-015,2,10.99,21.98,2026-01-01 23:31:00,9999-12-31 23:59:59
100133,2,SKU-016,3,17.99,53.97,2026-01-01 23:31:00,9999-12-31 23:59:59
100133,3,SKU-017,4,24.99,99.96,2026-01-01 23:31:00,9999-12-31 23:59:59
100133,4,SKU-018,1,31.99,31.99,2026-01-01 23:31:00,9999-12-31 23:59:59
100133,5,SKU-019,2,38.99,77.98,2026-01-01 23:31:00,9999-12-31 23:59:59
100134,1,SKU-020,3,45.99,137.97,2026-01-01 23:38:00,9999-12-31 23:59:59
100134,2,SKU-021,4,52.99,211.96,2026-01-01 23:38:00,9999-12-31 23:59:59
100134,3,SKU-022,1,59.99,59.99,2026-01-01 23:38:00,9999-12-31 23:59:59
100134,4,SKU-023,2,66.99,133.98,2026-01-01 23:38:00,9999-12-31 23:59:59
100134,5,SKU-024,3,73.99,221.97,2026-01-01 23:38:00,9999-12-31 23:59:59
100135,1,SKU-025,4,80.99,323.96,2026-01-01 23:45:00,9999-12-31 23:59:59
100135,2,SKU-026,1,87.99,87.99,2026-01-01 23:45:00,9999-12-31 23:59:59
100135,3,SKU-027,2,94.99,189.98,2026-01-01 23:45:00,9999-12-31 23:59:59
100135,4,SKU-028,3,101.99,305.97,2026-01-01 23:45:00,9999-12-31 23:59:59
100135,5,SKU-029,4,13.99,55.96,2026-01-01 23:45:00,9999-12-31 23:59:59
100136,1,SKU-030,1,20.99,20.99,2026-01-01 23:52:00,9999-12-31 23:59:59
100136,2,SKU-031,2,27.99,55.98,2026-01-01 23:52:00,9999-12-31 23:59:59
100136,3,SKU-032,3,34.99,104.97,2026-01-01 23:52:00,9999-12-31 23:59:59
100136,4,SKU-033,4,41.99,167.96,2026-01-01 23:52:00,9999-12-31 23:59:59
100136,5,SKU-034,1,48.99,48.99,2026-01-01 23:52:00,9999-12-31 23:59:59
100137,1,SKU-035,2,55.99,111.98,2026-01-01 23:59:00,9999-12-31 23:59:59
100137,2,SKU-036,3,62.99,188.97,2026-01-01 23:59:00,9999-12-31 23:59:59
100137,3,SKU-037,4,69.99,279.96,2026-01-01 23:59:00,9999-12-31 23:59:59
100137,4,SKU-038,1,76.99,76.99,2026-01-01 23:59:00,9999-12-31 23:59:59
100137,5,SKU-039,2,83.99,167.98,2026-01-01 23:59:00,9999-12-31 23:59:59
100138,1,SKU-040,3,90.99,272.97,2026-01-02 00:06:00,9999-12-31 23:59:59
100138,2,SKU-041,4,97.99,391.96,2026-01-02 00:06:00,9999-12-31 23:59:59
100138,3,SKU-042,1,104.99,104.99,2026-01-02 00:06:00,9999-12-31 23:59:59
100138,4,SKU-043,2,16.99,33.98,2026-01-02 00:06:00,9999-12-31 23:59:59
100138,5,SKU-044,3,23.99,71.97,2026-01-02 00:06:00,9999-12-31 23:59:59
100139,1,SKU-045,4,30.99,123.96,2026-01-02 00:13:00,9999-12-31 23:59:59
100139,2,SKU-046,1,37.99,37.99,2026-01-02 00:13:00,9999-12-31 23:59:59
100139,3,SKU-047,2,44.99,89.98,2026-01-02 00:13:00,9999-12-31 23:59:59
100139,4,SKU-048,3,51.99,155.97,2026-01-02 00:13:00,9999-12-31 23:59:59
100139,5,SKU-049,4,58.99,235.96,2026-01-02 00:13:00,9999-12-31 23:59:59
100140,1,SKU-050,1,65.99,65.99,2026-01-02 00:20:00,9999-12-31 23:59:59
100140,2,SKU-051,2,72.99,145.98,2026-01-02 00:20:00,9999-12-31 23:59:59
100140,3,SKU-052,3,79.99,239.97,2026-01-02 00:20:00,9999-12-31 23:59:59
100140,4,SKU-053,4,86.99,347.96,2026-01-02 00:20:00,9999-12-31 23:59:59
100140,5,SKU-054,1,93.99,93.99,2026-01-02 00:20:00,9999-12-31 23:59:59
100141,1,SKU-055,2,100.99,201.98,2026-01-02 00:27:00,9999-12-31 23:59:59
100141,2,SKU-056,3,12.99,38.97,2026-01-02 00:27:00,9999-12-31 23:59:59
100141,3,SKU-057,4,19.99,79.96,2026-01-02 00:27:00,9999-12-31 23:59:59
100141,4,SKU-058,1,26.99,26.99,2026-01-02 00:27:00,9999-12-31 23:59:59
100141,5,SKU-059,2,33.99,67.98,2026-01-02 00:27:00,9999-12-31 23:59:59
100142,1,SKU-060,3,40.99,122.97,2026-01-02 00:34:00,9999-12-31 23:59:59
100142,2,SKU-061,4,47.99,191.96,2026-01-02 00:34:00,9999-12-31 23:59:59
100142,3,SKU-062,1,54.99,54.99,2026-01-02 00:34:00,9999-12-31 23:59:59
100142,4,SKU-063,2,61.99,123.98,2026-01-02 00:34:00,9999-12-31 23:59:59
100142,5,SKU-064,3,68.99,206.97,2026-01-02 00:34:00,9999-12-31 23:59:59
100143,1,SKU-065,4,75.99,303.96,2026-01-02 00:41:00,9999-12-31 23:59:59
100143,2,SKU-066,1,82.99,82.99,2026-01-02 00:41:00,9999-12-31 23:59:59
100143,3,SKU-067,2,89.99,179.98,2026-01-02 00:41:00,9999-12-31 23:59:59
100143,4,SKU-068,3,96.99,290.97,2026-01-02 00:41:00,9999-12-31 23:59:59
100143,5,SKU-069,4,103.99,415.96,2026-01-02 00:41:00,9999-12-31 23:59:59
100144,1,SKU-070,1,15.99,15.99,2026-01-02 00:48:00,9999-12-31 23:59:59
100144,2,SKU-071,2,22.99,45.98,2026-01-02 00:48:00,9999-12-31 23:59:59
100144,3,SKU-072,3,29.99,89.97,2026-01-02 00:48:00,9999-12-31 23:59:59
100144,4,SKU-073,4,36.99,147.96,2026-01-02 00:48:00,9999-12-31 23:59:59
100144,5,SKU-074,1,43.99,43.99,2026-01-02 00:48:00,9999-12-31 23:59:59
100145,1,SKU-075,2,50.99,101.98,2026-01-02 00:55:00,9999-12-31 23:59:59
100145,2,SKU-076,3,57.99,173.97,2026-01-02 00:55:00,9999-12-31 23:59:59
100145,3,SKU-077,4,64.99,259.96,2026-01-02 00:55:00,9999-12-31 23:59:59
100145,4,SKU-078,1,71.99,71.99,2026-01-02 00:55:00,9999-12-31 23:59:59
100145,5,SKU-079,2,78.99,157.98,2026-01-02 00:55:00,9999-12-31 23:59:59
100146,1,SKU-080,3,85.99,257.97,2026-01-02 01:02:00,9999-12-31 23:59:59
100146,2,SKU-081,4,92.99,371.96,2026-01-02 01:02:00,9999-12-31 23:59:59
100146,3,SKU-082,1,99.99,99.99,2026-01-02 01:02:00,9999-12-31 23:59:59
100146,4,SKU-083,2,11.99,23.98,2026-01-02 01:02:00,9999-12-31 23:59:59
100146,5,SKU-084,3,18.99,56.97,2026-01-02 01:02:00,9999-12-31 23:59:59
100147,1,SKU-085,4,25.99,103.96,2026-01-02 01:09:00,9999-12-31 23:59:59
100147,2,SKU-086,1,32.99,32.99,2026-01-02 01:09:00,9999-12-31 23:59:59
100147,3,SKU-087,2,39.99,79.98,2026-01-02 01:09:00,9999-12-31 23:59:59
100147,4,SKU-088,3,46.99,140.97,2026-01-02 01:09:00,9999-12-31 23:59:59
100147,5,SKU-089,4,53.99,215.96,2026-01-02 01:09:00,9999-12-31 23:59:59
100148,1,SKU-090,1,60.99,60.99,2026-01-02 01:16:00,9999-12-31 23:59:59
100148,2,SKU-091,2,67.99,135.98,2026-01-02 01:16:00,9999-12-31 23:59:59
100148,3,SKU-092,3,74.99,224.97,2026-01-02 01:16:00,9999-12-31 23:59:59
100148,4,SKU-093,4,81.99,327.96,2026-01-02 01:16:00,9999-12-31 23:59:59
100148,5,SKU-094,1,88.99,88.99,2026-01-02 01:16:00,9999-12-31 23:59:59
100149,1,SKU-095,2,95.99,191.98,2026-01-02 01:23:00,9999-12-31 23:59:59
100149,2,SKU-096,3,102.99,308.97,2026-01-02 01:23:00,9999-12-31 23:59:59
100149,3,SKU-097,4,14.99,59.96,2026-01-02 01:23:00,9999-12-31 23:59:59
100149,4,SKU-098,1,21.99,21.99,2026-01-02 01:23:00,9999-12-31 23:59:59
100149,5,SKU-099,2,28.99,57.98,2026-01-02 01:23:00,9999-12-31 23:59:59
100150,1,SKU-100,3,35.99,107.97,2026-01-02 01:30:00,9999-12-31 23:59:59
100150,2,SKU-101,4,42.99,171.96,2026-01-02 01:30:00,9999-12-31 23:59:59
100150,3,SKU-102,1,49.99,49.99,2026-01-02 01:30:00,9999-12-31 23:59:59
100150,4,SKU-103,2,56.99,113.98,2026-01-02 01:30:00,9999-12-31 23:59:59
100150,5,SKU-104,3,63.99,191.97,2026-01-02 01:30:00,9999-12-31 23:59:59
100151,1,SKU-105,4,70.99,283.96,2026-01-02 01:37:00,9999-12-31 23:59:59
100151,2,SKU-106,1,77.99,77.99,2026-01-02 01:37:00,9999-12-31 23:59:59
100151,3,SKU-107,2,84.99,169.98,2026-01-02 01:37:00,9999-12-31 23:59:59
100151,4,SKU-108,3,91.99,275.97,2026-01-02 01:37:00,9999-12-31 23:59:59
100151,5,SKU-109,4,98.99,395.96,2026-01-02 01:37:00,9999-12-31 23:59:59
100152,1,SKU-110,1,10.99,10.99,2026-01-02 01:44:00,9999-12-31 23:59:59
100152,2,SKU-111,2,17.99,35.98,2026-01-02 01:44:00,9999-12-31 23:59:59
100152,3,SKU-112,3,24.99,74.97,2026-01-02 01:44:00,9999-12-31 23:59:59
100152,4,SKU-113,4,31.99,127.96,2026-01-02 01:44:00,9999-12-31 23:59:59
100152,5,SKU-114,1,38.99,38.99,2026-01-02 01:44:00,9999-12-31 23:59:59
100153,1,SKU-115,2,45.99,91.98,2026-01-02 01:51:00,9999-12-31 23:59:59
100153,2,SKU-116,3,52.99,158.97,2026-01-02 01:51:00,9999-12-31 23:59:59
100153,3,SKU-117,4,59.99,239.96,2026-01-02 01:51:00,9999-12-31 23:59:59
100153,4,SKU-118,1,66.99,66.99,2026-01-02 01:51:00,9999-12-31 23:59:59
100153,5,SKU-119,2,73.99,147.98,2026-01-02 01:51:00,9999-12-31 23:59:59
100154,1,SKU-120,3,80.99,242.97,2026-01-02 01:58:00,9999-12-31 23:59:59
100154,2,SKU-121,4,87.99,351.96,2026-01-02 01:58:00,9999-12-31 23:59:59
100154,3,SKU-122,1,94.99,94.99,2026-01-02 01:58:00,9999-12-31 23:59:59
100154,4,SKU-123,2,101.99,203.98,2026-01-02 01:58:00,9999-12-31 23:59:59
100154,5,SKU-124,3,13.99,41.97,2026-01-02 01:58:00,9999-12-31 23:59:59
100155,1,SKU-125,4,20.99,83.96,2026-01-02 02:05:00,9999-12-31 23:59:59
100155,2,SKU-126,1,27.99,27.99,2026-01-02 02:05:00,9999-12-31 23:59:59
100155,3,SKU-127,2,34.99,69.98,2026-01-02 02:05:00,9999-12-31 23:59:59
100155,4,SKU-128,3,41.99,125.97,2026-01-02 02:05:00,9999-12-31 23:59:59
100155,5,SKU-129,4,48.99,195.96,2026-01-02 02:05:00,9999-12-31 23:59:59
100156,1,SKU-000,1,55.99,55.99,2026-01-02 02:12:00,9999-12-31 23:59:59
100156,2,SKU-001,2,62.99,125.98,2026-01-02 02:12:00,9999-12-31 23:59:59
100156,3,SKU-002,3,69.99,209.97,2026-01-02 02:12:00,9999-12-31 23:59:59
100156,4,SKU-003,4,76.99,307.96,2026-01-02 02:12:00,9999-12-31 23:59:59
100156,5,SKU-004,1,83.99,83.99,2026-01-02 02:12:00,9999-12-31 23:59:59
100157,1,SKU-005,2,90.99,181.98,2026-01-02 02:19:00,9999-12-31 23:59:59
100157,2,SKU-006,3,97.99,293.97,2026-01-02 02:19:00,9999-12-31 23:59:59
100157,3,SKU-007,4,104.99,419.96,2026-01-02 02:19:00,9999-12-31 23:59:59
100157,4,SKU-008,1,16.99,16.99,2026-01-02 02:19:00,9999-12-31 23:59:59
100157,5,SKU-009,2,23.99,47.98,2026-01-02 02:19:00,9999-12-31 23:59:59
100158,1,SKU-010,3,30.99,92.97,2026-01-02 02:26:00,9999-12-31 23:59:59
100158,2,SKU-011,4,37.99,151.96,2026-01-02 02:26:00,9999-12-31 23:59:59
100158,3,SKU-012,1,44.99,44.99,2026-01-02 02:26:00,9999-12-31 23:59:59
100158,4,SKU-013,2,51.99,103.98,2026-01-02 02:26:00,9999-12-31 23:59:59
100158,5,SKU-014,3,58.99,176.97,2026-01-02 02:26:00,9999-12-31 23:59:59
100159,1,SKU-015,4,65.99,263.96,2026-01-02 02:33:00,9999-12-31 23:59:59
100159,2,SKU-016,1,72.99,72.99,2026-01-02 02:33:00,9999-12-31 23:59:59
100159,3,SKU-017,2,79.99,159.98,2026-01-02 02:33:00,9999-12-31 23:59:59
100159,4,SKU-018,3,86.99,260.97,2026-01-02 02:33:00,9999-12-31 23:59:59
100159,5,SKU-019,4,93.99,375.96,2026-01-02 02:33:00,9999-12-31 23:59:59
100160,1,SKU-020,1,100.99,100.99,2026-01-02 02:40:00,9999-12-31 23:59:59
100160,2,SKU-021,2,12.99,25.98,2026-01-02 02:40:00,9999-12-31 23:59:59
100160,3,SKU-022,3,19.99,59.97,2026-01-02 02:40:00,9999-12-31 23:59:59
100160,4,SKU-023,4,26.99,107.96,2026-01-02 02:40:00,9999-12-31 23:59:59
100160,5,SKU-024,1,33.99,33.99,2026-01-02 02:40:00,9999-12-31 23:59:59
100161,1,SKU-025,2,40.99,81.98,2026-01-02 02:47:00,9999-12-31 23:59:59
100161,2,SKU-026,3,47.99,143.97,2026-01-02 02:47:00,9999-12-31 23:59:59
100161,3,SKU-027,4,54.99,219.96,2026-01-02 02:47:00,9999-12-31 23:59:59
100161,4,SKU-028,1,61.99,61.99,2026-01-02 02:47:00,9999-12-31 23:59:59
100161,5,SKU-029,2,68.99,137.98,2026-01-02 02:47:00,9999-12-31 23:59:59
100162,1,SKU-030,3,75.99,227.97,2026-01-02 02:54:00,9999-12-31 23:59:59
100162,2,SKU-031,4,82.99,331.96,2026-01-02 02:54:00,9999-12-31 23:59:59
100162,3,SKU-032,1,89.99,89.99,2026-01-02 02:54:00,9999-12-31 23:59:59
100162,4,SKU-033,2,96.99,193.98,2026-01-02 02:54:00,9999-12-31 23:59:59
100162,5,SKU-034,3,103.99,311.97,2026-01-02 02:54:00,9999-12-31 23:59:59
100163,1,SKU-035,4,15.99,63.96,2026-01-02 03:01:00,9999-12-31 23:59:59
100163,2,SKU-036,1,22.99,22.99,2026-01-02 03:01:00,9999-12-31 23:59:59
100163,3,SKU-037,2,29.99,59.98,2026-01-02 03:01:00,9999-12-31 23:59:59
100163,4,SKU-038,3,36.99,110.97,2026-01-02 03:01:00,9999-12-31 23:59:59
100163,5,SKU-039,4,43.99,175.96,2026-01-02 03:01:00,9999-12-31 23:59:59
100164,1,SKU-040,1,50.99,50.99,2026-01-02 03:08:00,9999-12-31 23:59:59
100164,2,SKU-041,2,57.99,115.98,2026-01-02 03:08:00,9999-12-31 23:59:59
100164,3,SKU-042,3,64.99,194.97,2026-01-02 03:08:00,9999-12-31 23:59:59
100164,4,SKU-043,4,71.99,287.96,2026-01-02 03:08:00,9999-12-31 23:59:59
100164,5,SKU-044,1,78.99,78.99,2026-01-02 03:08:00,9999-12-31 23:59:59
100165,1,SKU-045,2,85.99,171.98,2026-01-02 03:15:00,9999-12-31 23:59:59
100165,2,SKU-046,3,92.99,278.97,2026-01-02 03:15:00,9999-12-31 23:59:59
100165,3,SKU-047,4,99.99,399.96,2026-01-02 03:15:00,9999-12-31 23:59:59
100165,4,SKU-048,1,11.99,11.99,2026-01-02 03:15:00,9999-12-31 23:59:59
100165,5,SKU-049,2,18.99,37.98,2026-01-02 03:15:00,9999-12-31 23:59:59
100166,1,SKU-050,3,25.99,77.97,2026-01-02 03:22:00,9999-12-31 23:59:59
100166,2,SKU-051,4,32.99,131.96,2026-01-02 03:22:00,9999-12-31 23:59:59
100166,3,SKU-052,1,39.99,39.99,2026-01-02 03:22:00,9999-12-31 23:59:59
100166,4,SKU-053,2,46.99,93.98,2026-01-02 03:22:00,9999-12-31 23:59:59
100166,5,SKU-054,3,53.99,161.97,2026-01-02 03:22:00,9999-12-31 23:59:59
100167,1,SKU-055,4,60.99,243.96,2026-01-02 03:29:00,9999-12-31 23:59:59
100167,2,SKU-056,1,67.99,67.99,2026-01-02 03:29:00,9999-12-31 23:59:59
100167,3,SKU-057,2,74.99,149.98,2026-01-02 03:29:00,9999-12-31 23:59:59
100167,4,SKU-058,3,81.99,245.97,2026-01-02 03:29:00,9999-12-31 23:59:59
100167,5,SKU-059,4,88.99,355.96,2026-01-02 03:29:00,9999-12-31 23:59:59
100168,1,SKU-060,1,95.99,95.99,2026-01-02 03:36:00,9999-12-31 23:59:59
100168,2,SKU-061,2,102.99,205.98,2026-01-02 03:36:00,9999-12-31 23:59:59
100168,3,SKU-062,3,14.99,44.97,2026-01-02 03:36:00,9999-12-31 23:59:59
100168,4,SKU-063,4,21.99,87.96,2026-01-02 03:36:00,9999-12-31 23:59:59
100168,5,SKU-064,1,28.99,28.99,2026-01-02 03:36:00,9999-12-31 23:59:59
100169,1,SKU-065,2,35.99,71.98,2026-01-02 03:43:00,9999-12-31 23:59:59
100169,2,SKU-066,3,42.99,128.97,2026-01-02 03:43:00,9999-12-31 23:59:59
100169,3,SKU-067,4,49.99,199.96,2026-01-02 03:43:00,9999-12-31 23:59:59
100169,4,SKU-068,1,56.99,56.99,2026-01-02 03:43:00,9999-12-31 23:59:59
100169,5,SKU-069,2,63.99,127.98,2026-01-02 03:43:00,9999-12-31 23:59:59
100170,1,SKU-070,3,70.99,212.97,2026-01-02 03:50:00,9999-12-31 23:59:59
100170,2,SKU-071,4,77.99,311.96,2026-01-02 03:50:00,9999-12-31 23:59:59
100170,3,SKU-072,1,84.99,84.99,2026-01-02 03:50:00,9999-12-31 23:59:59
100170,4,SKU-073,2,91.99,183.98,2026-01-02 03:50:00,9999-12-31 23:59:59
100170,5,SKU-074,3,98.99,296.97,2026-01-02 03:50:00,9999-12-31 23:59:59
100171,1,SKU-075,4,10.99,43.96,2026-01-02 03:57:00,9999-12-31 23:59:59
100171,2,SKU-076,1,17.99,17.99,2026-01-02 03:57:00,9999-12-31 23:59:59
100171,3,SKU-077,2,24.99,49.98,2026-01-02 03:57:00,9999-12-31 23:59:59
100171,4,SKU-078,3,31.99,95.97,2026-01-02 03:57:00,9999-12-31 23:59:59
100171,5,SKU-079,4,38.99,155.96,2026-01-02 03:57:00,9999-12-31 23:59:59
100172,1,SKU-080,1,45.99,45.99,2026-01-02 04:04:00,9999-12-31 23:59:59
100172,2,SKU-081,2,52.99,105.98,2026-01-02 04:04:00,9999-12-31 23:59:59
100172,3,SKU-082,3,59.99,179.97,2026-01-02 04:04:00,9999-12-31 23:59:59
100172,4,SKU-083,4,66.99,267.96,2026-01-02 04:04:00,9999-12-31 23:59:59
100172,5,SKU-084,1,73.99,73.99,2026-01-02 04:04:00,9999-12-31 23:59:59
100173,1,SKU-085,2,80.99,161.98,2026-01-02 04:11:00,9999-12-31 23:59:59
100173,2,SKU-086,3,87.99,263.97,2026-01-02 04:11:00,9999-12-31 23:59:59
100173,3,SKU-087,4,94.99,379.96,2026-01-02 04:11:00,9999-12-31 23:59:59
100173,4,SKU-088,1,101.99,101.99,2026-01-02 04:11:00,9999-12-31 23:59:59
100173,5,SKU-089,2,13.99,27.98,2026-01-02 04:11:00,9999-12-31 23:59:59
100174,1,SKU-090,3,20.99,62.97,2026-01-02 04:18:00,9999-12-31 23:59:59
100174,2,SKU-091,4,27.99,111.96,2026-01-02 04:18:00,9999-12-31 23:59:59
100174,3,SKU-092,1,34.99,34.99,2026-01-02 04:18:00,9999-12-31 23:59:59
100174,4,SKU-093,2,41.99,83.98,2026-01-02 04:18:00,9999-12-31 23:59:59
100174,5,SKU-094,3,48.99,146.97,2026-01-02 04:18:00,9999-12-31 23:59:59
100175,1,SKU-095,4,55.99,223.96,2026-01-02 04:25:00,9999-12-31 23:59:59
100175,2,SKU-096,1,62.99,62.99,2026-01-02 04:25:00,9999-12-31 23:59:59
100175,3,SKU-097,2,69.99,139.98,2026-01-02 04:25:00,9999-12-31 23:59:59
100175,4,SKU-098,3,76.99,230.97,2026-01-02 04:25:00,9999-12-31 23:59:59
100175,5,SKU-099,4,83.99,335.96,2026-01-02 04:25:00,9999-12-31 23:59:59
100176,1,SKU-100,1,90.99,90.99,2026-01-02 04:32:00,9999-12-31 23:59:59
100176,2,SKU-101,2,97.99,195.98,2026-01-02 04:32:00,9999-12-31 23:59:59
100176,3,SKU-102,3,104.99,314.97,2026-01-02 04:32:00,9999-12-31 23:59:59
100176,4,SKU-103,4,16.99,67.96,2026-01-02 04:32:00,9999-12-31 23:59:59
100176,5,SKU-104,1,23.99,23.99,2026-01-02 04:32:00,9999-12-31 23:59:59
100177,1,SKU-105,2,30.99,61.98,2026-01-02 04:39:00,9999-12-31 23:59:59
100177,2,SKU-106,3,37.99,113.97,2026-01-02 04:39:00,9999-12-31 23:59:59
100177,3,SKU-107,4,44.99,179.96,2026-01-02 04:39:00,9999-12-31 23:59:59
100177,4,SKU-108,1,51.99,51.99,2026-01-02 04:39:00,9999-12-31 23:59:59
100177,5,SKU-109,2,58.99,117.98,2026-01-02 04:39:00,9999-12-31 23:59:59
100178,1,SKU-110,3,65.99,197.97,2026-01-02 04:46:00,9999-12-31 23:59:59
100178,2,SKU-111,4,72.99,291.96,2026-01-02 04:46:00,9999-12-31 23:59:59
100178,3,SKU-112,1,79.99,79.99,2026-01-02 04:46:00,9999-12-31 23:59:59
100178,4,SKU-113,2,86.99,173.98,2026-01-02 04:46:00,9999-12-31 23:59:59
100178,5,SKU-114,3,93.99,281.97,2026-01-02 04:46:00,9999-12-31 23:59:59
100179,1,SKU-115,4,100.99,403.96,2026-01-02 04:53:00,9999-12-31 23:59:59
100179,2,SKU-116,1,12.99,12.99,2026-01-02 04:53:00,9999-12-31 23:59:59
100179,3,SKU-117,2,19.99,39.98,2026-01-02 04:53:00,9999-12-31 23:59:59
100179,4,SKU-118,3,26.99,80.97,2026-01-02 04:53:00,9999-12-31 23:59:59
100179,5,SKU-119,4,33.99,135.96,2026-01-02 04:53:00,9999-12-31 23:59:59
100180,1,SKU-120,1,40.99,40.99,2026-01-02 05:00:00,9999-12-31 23:59:59
100180,2,SKU-121,2,47.99,95.98,2026-01-02 05:00:00,9999-12-31 23:59:59
100180,3,SKU-122,3,54.99,164.97,2026-01-02 05:00:00,9999-12-31 23:59:59
100180,4,SKU-123,4,61.99,247.96,2026-01-02 05:00:00,9999-12-31 23:59:59
100180,5,SKU-124,1,68.99,68.99,2026-01-02 05:00:00,9999-12-31 23:59:59
100181,1,SKU-125,2,75.99,151.98,2026-01-02 05:07:00,9999-12-31 23:59:59
100181,2,SKU-126,3,82.99,248.97,2026-01-02 05:07:00,9999-12-31 23:59:59
100181,3,SKU-127,4,89.99,359.96,2026-01-02 05:07:00,9999-12-31 23:59:59
100181,4,SKU-128,1,96.99,96.99,2026-01-02 05:07:00,9999-12-31 23:59:59
100181,5,SKU-129,2,103.99,207.98,2026-01-02 05:07:00,9999-12-31 23:59:59
100182,1,SKU-000,3,15.99,47.97,2026-01-02 05:14:00,9999-12-31 23:59:59
100182,2,SKU-001,4,22.99,91.96,2026-01-02 05:14:00,9999-12-31 23:59:59
100182,3,SKU-002,1,29.99,29.99,2026-01-02 05:14:00,9999-12-31 23:59:59
100182,4,SKU-003,2,36.99,73.98,2026-01-02 05:14:00,9999-12-31 23:59:59
100182,5,SKU-004,3,43.99,131.97,2026-01-02 05:14:00,9999-12-31 23:59:59
100183,1,SKU-005,4,50.99,203.96,2026-01-02 05:21:00,9999-12-31 23:59:59
100183,2,SKU-006,1,57.99,57.99,2026-01-02 05:21:00,9999-12-31 23:59:59
100183,3,SKU-007,2,64.99,129.98,2026-01-02 05:21:00,9999-12-31 23:59:59
100183,4,SKU-008,3,71.99,215.97,2026-01-02 05:21:00,9999-12-31 23:59:59
100183,5,SKU-009,4,78.99,315.96,2026-01-02 05:21:00,9999-12-31 23:59:59
100184,1,SKU-010,1,85.99,85.99,2026-01-02 05:28:00,9999-12-31 23:59:59
100184,2,SKU-011,2,92.99,185.98,2026-01-02 05:28:00,9999-12-31 23:59:59
100184,3,SKU-012,3,99.99,299.97,2026-01-02 05:28:00,9999-12-31 23:59:59
100184,4,SKU-013,4,11.99,47.96,2026-01-02 05:28:00,9999-12-31 23:59:59
100184,5,SKU-014,1,18.99,18.99,2026-01-02 05:28:00,9999-12-31 23:59:59
100185,1,SKU-015,2,25.99,51.98,2026-01-02 05:35:00,9999-12-31 23:59:59
100185,2,SKU-016,3,32.99,98.97,2026-01-02 05:35:00,9999-12-31 23:59:59
100185,3,SKU-017,4,39.99,159.96,2026-01-02 05:35:00,9999-12-31 23:59:59
100185,4,SKU-018,1,46.99,46.99,2026-01-02 05:35:00,9999-12-31 23:59:59
100185,5,SKU-019,2,53.99,107.98,2026-01-02 05:35:00,9999-12-31 23:59:59
100186,1,SKU-020,3,60.99,182.97,2026-01-02 05:42:00,9999-12-31 23:59:59
100186,2,SKU-021,4,67.99,271.96,2026-01-02 05:42:00,9999-12-31 23:59:59
100186,3,SKU-022,1,74.99,74.99,2026-01-02 05:42:00,9999-12-31 23:59:59
100186,4,SKU-023,2,81.99,163.98,2026-01-02 05:42:00,9999-12-31 23:59:59
100186,5,SKU-024,3,88.99,266.97,2026-01-02 05:42:00,9999-12-31 23:59:59
100187,1,SKU-025,4,95.99,383.96,2026-01-02 05:49:00,9999-12-31 23:59:59
100187,2,SKU-026,1,102.99,102.99,2026-01-02 05:49:00,9999-12-31 23:59:59
100187,3,SKU-027,2,14.99,29.98,2026-01-02 05:49:00,9999-12-31 23:59:59
100187,4,SKU-028,3,21.99,65.97,2026-01-02 05:49:00,9999-12-31 23:59:59
100187,5,SKU-029,4,28.99,115.96,2026-01-02 05:49:00,9999-12-31 23:59:59
100188,1,SKU-030,1,35.99,35.99,2026-01-02 05:56:00,9999-12-31 23:59:59
100188,2,SKU-031,2,42.99,85.98,2026-01-02 05:56:00,9999-12-31 23:59:59
100188,3,SKU-032,3,49.99,149.97,2026-01-02 05:56:00,9999-12-31 23:59:59
100188,4,SKU-033,4,56.99,227.96,2026-01-02 05:56:00,9999-12-31 23:59:59
100188,5,SKU-034,1,63.99,63.99,2026-01-02 05:56:00,9999-12-31 23:59:59
100189,1,SKU-035,2,70.99,141.98,2026-01-02 06:03:00,9999-12-31 23:59:59
100189,2,SKU-036,3,77.99,233.97,2026-01-02 06:03:00,9999-12-31 23:59:59
100189,3,SKU-037,4,84.99,339.96,2026-01-02 06:03:00,9999-12-31 23:59:59
100189,4,SKU-038,1,91.99,91.99,2026-01-02 06:03:00,9999-12-31 23:59:59
100189,5,SKU-039,2,98.99,197.98,2026-01-02 06:03:00,9999-12-31 23:59:59
100190,1,SKU-040,3,10.99,32.97,2026-01-02 06:10:00,9999-12-31 23:59:59
100190,2,SKU-041,4,17.99,71.96,2026-01-02 06:10:00,9999-12-31 23:59:59
100190,3,SKU-042,1,24.99,24.99,2026-01-02 06:10:00,9999-12-31 23:59:59
100190,4,SKU-043,2,31.99,63.98,2026-01-02 06:10:00,9999-12-31 23:59:59
100190,5,SKU-044,3,38.99,116.97,2026-01-02 06:10:00,9999-12-31 23:59:59
100191,1,SKU-045,4,45.99,183.96,2026-01-02 06:17:00,9999-12-31 23:59:59
100191,2,SKU-046,1,52.99,52.99,2026-01-02 06:17:00,9999-12-31 23:59:59
100191,3,SKU-047,2,59.99,119.98,2026-01-02 06:17:00,9999-12-31 23:59:59
100191,4,SKU-048,3,66.99,200.97,2026-01-02 06:17:00,9999-12-31 23:59:59
100191,5,SKU-049,4,73.99,295.96,2026-01-02 06:17:00,9999-12-31 23:59:59
100192,1,SKU-050,1,80.99,80.99,2026-01-02 06:24:00,9999-12-31 23:59:59
100192,2,SKU-051,2,87.99,175.98,2026-01-02 06:24:00,9999-12-31 23:59:59
100192,3,SKU-052,3,94.99,284.97,2026-01-02 06:24:00,9999-12-31 23:59:59
100192,4,SKU-053,4,101.99,407.96,2026-01-02 06:24:00,9999-12-31 23:59:59
100192,5,SKU-054,1,13.99,13.99,2026-01-02 06:24:00,9999-12-31 23:59:59
100193,1,SKU-055,2,20.99,41.98,2026-01-02 06:31:00,9999-12-31 23:59:59
100193,2,SKU-056,3,27.99,83.97,2026-01-02 06:31:00,9999-12-31 23:59:59
100193,3,SKU-057,4,34.99,139.96,2026-01-02 06:31:00,9999-12-31 23:59:59
100193,4,SKU-058,1,41.99,41.99,2026-01-02 06:31:00,9999-12-31 23:59:59
100193,5,SKU-059,2,48.99,97.98,2026-01-02 06:31:00,9999-12-31 23:59:59
100194,1,SKU-060,3,55.99,167.97,2026-01-02 06:38:00,9999-12-31 23:59:59
100194,2,SKU-061,4,62.99,251.96,2026-01-02 06:38:00,9999-12-31 23:59:59
100194,3,SKU-062,1,69.99,69.99,2026-01-02 06:38:00,9999-12-31 23:59:59
100194,4,SKU-063,2,76.99,153.98,2026-01-02 06:38:00,9999-12-31 23:59:59
100194,5,SKU-064,3,83.99,251.97,2026-01-02 06:38:00,9999-12-31 23:59:59
100195,1,SKU-065,4,90.99,363.96,2026-01-02 06:45:00,9999-12-31 23:59:59
100195,2,SKU-066,1,97.99,97.99,2026-01-02 06:45:00,9999-12-31 23:59:59
100195,3,SKU-067,2,104.99,209.98,2026-01-02 06:45:00,9999-12-31 23:59:59
100195,4,SKU-068,3,16.99,50.97,2026-01-02 06:45:00,9999-12-31 23:59:59
100195,5,SKU-069,4,23.99,95.96,2026-01-02 06:45:00,9999-12-31 23:59:59
100196,1,SKU-070,1,30.99,30.99,2026-01-02 06:52:00,9999-12-31 23:59:59
100196,2,SKU-071,2,37.99,75.98,2026-01-02 06:52:00,9999-12-31 23:59:59
100196,3,SKU-072,3,44.99,134.97,2026-01-02 06:52:00,9999-12-31 23:59:59
100196,4,SKU-073,4,51.99,207.96,2026-01-02 06:52:00,9999-12-31 23:59:59
100196,5,SKU-074,1,58.99,58.99,2026-01-02 06:52:00,9999-12-31 23:59:59
100197,1,SKU-075,2,65.99,131.98,2026-01-02 06:59:00,9999-12-31 23:59:59
100197,2,SKU-076,3,72.99,218.97,2026-01-02 06:59:00,9999-12-31 23:59:59
100197,3,SKU-077,4,79.99,319.96,2026-01-02 06:59:00,9999-12-31 23:59:59
100197,4,SKU-078,1,86.99,86.99,2026-01-02 06:59:00,9999-12-31 23:59:59
100197,5,SKU-079,2,93.99,187.98,2026-01-02 06:59:00,9999-12-31 23:59:59
100198,1,SKU-080,3,100.99,302.97,2026-01-02 07:06:00,9999-12-31 23:59:59
100198,2,SKU-081,4,12.99,51.96,2026-01-02 07:06:00,9999-12-31 23:59:59
100198,3,SKU-082,1,19.99,19.99,2026-01-02 07:06:00,9999-12-31 23:59:59
100198,4,SKU-083,2,26.99,53.98,2026-01-02 07:06:00,9999-12-31 23:59:59
100198,5,SKU-084,3,33.99,101.97,2026-01-02 07:06:00,9999-12-31 23:59:59
100199,1,SKU-085,4,40.99,163.96,2026-01-02 07:13:00,9999-12-31 23:59:59
100199,2,SKU-086,1,47.99,47.99,2026-01-02 07:13:00,9999-12-31 23:59:59
100199,3,SKU-087,2,54.99,109.98,2026-01-02 07:13:00,9999-12-31 23:59:59
100199,4,SKU-088,3,61.99,185.97,2026-01-02 07:13:00,9999-12-31 23:59:59
100199,5,SKU-089,4,68.99,275.96,2026-01-02 07:13:00,9999-12-31 23:59:59
