invoice_id,vendor_id,status_cd,invoice_total_amt,due_dt,updated_by,begin_ts,end_ts
100000,2000,DRAFT,163.15,2026-01-15,ap_clerk,2026-01-01 08:00:00,2026-01-01 12:00:00
100000,2000,SUBMITTED,163.15,2026-01-15,requestor,2026-01-01 12:00:01,2026-01-01 18:00:01
100000,2000,APPROVED,163.76,2026-01-15,manager,2026-01-01 18:00:02,2026-01-01 23:00:02
100000,2000,POSTED,163.76,2026-01-15,ap_batch,2026-01-01 23:00:03,2026-01-02 23:00:03
100000,2000,CANCELED,163.76,2026-01-15,ap_manager,2026-01-02 23:00:04,9999-12-31 23:59:59
100001,2001,DRAFT,179.73,2026-01-16,ap_clerk,2026-01-01 08:07:00,2026-01-01 12:07:00
100001,2001,SUBMITTED,179.73,2026-01-16,requestor,2026-01-01 12:07:01,2026-01-01 18:07:01
100001,2001,APPROVED,181.23,2026-01-16,manager,2026-01-01 18:07:02,2026-01-01 23:07:02
100001,2001,POSTED,181.23,2026-01-16,ap_batch,2026-01-01 23:07:03,2026-01-02 23:07:03
100001,2001,PAID,181.23,2026-01-16,treasury,2026-01-02 23:07:04,9999-12-31 23:59:59
100002,2002,DRAFT,211.99,2026-01-17,ap_clerk,2026-01-01 08:14:00,2026-01-01 12:14:00
100002,2002,SUBMITTED,211.99,2026-01-17,requestor,2026-01-01 12:14:01,2026-01-01 18:14:01
100002,2002,APPROVED,215.54,2026-01-17,manager,2026-01-01 18:14:02,2026-01-01 23:14:02
100002,2002,POSTED,215.54,2026-01-17,ap_batch,2026-01-01 23:14:03,2026-01-02 23:14:03
100002,2002,PAID,215.54,2026-01-17,treasury,2026-01-02 23:14:04,9999-12-31 23:59:59
100003,2003,DRAFT,238.45,2026-01-18,ap_clerk,2026-01-01 08:21:00,2026-01-01 12:21:00
100003,2003,SUBMITTED,238.45,2026-01-18,requestor,2026-01-01 12:21:01,2026-01-01 18:21:01
100003,2003,APPROVED,239.34,2026-01-18,manager,2026-01-01 18:21:02,2026-01-01 23:21:02
100003,2003,POSTED,239.34,2026-01-18,ap_batch,2026-01-01 23:21:03,2026-01-02 23:21:03
100003,2003,PAID,239.34,2026-01-18,treasury,2026-01-02 23:21:04,9999-12-31 23:59:59
100004,2004,DRAFT,253.02,2026-01-19,ap_clerk,2026-01-01 08:28:00,2026-01-01 12:28:00
100004,2004,SUBMITTED,253.02,2026-01-19,requestor,2026-01-01 12:28:01,2026-01-01 18:28:01
100004,2004,APPROVED,253.65,2026-01-19,manager,2026-01-01 18:28:02,2026-01-01 23:28:02
100004,2004,POSTED,253.65,2026-01-19,ap_batch,2026-01-01 23:28:03,2026-01-02 23:28:03
100004,2004,PAID,253.65,2026-01-19,treasury,2026-01-02 23:28:04,9999-12-31 23:59:59
100005,2005,DRAFT,272.65,2026-01-20,ap_clerk,2026-01-01 08:35:00,2026-01-01 12:35:00
100005,2005,SUBMITTED,272.65,2026-01-20,requestor,2026-01-01 12:35:01,2026-01-01 18:35:01
100005,2005,APPROVED,275.42,2026-01-20,manager,2026-01-01 18:35:02,2026-01-01 23:35:02
100005,2005,POSTED,275.42,2026-01-20,ap_batch,2026-01-01 23:35:03,2026-01-02 23:35:03
100005,2005,PAID,275.42,2026-01-20,treasury,2026-01-02 23:35:04,9999-12-31 23:59:59
100006,2006,DRAFT,292.50,2026-01-21,ap_clerk,2026-01-01 08:42:00,2026-01-01 12:42:00
100006,2006,SUBMITTED,292.50,2026-01-21,requestor,2026-01-01 12:42:01,2026-01-01 18:42:01
100006,2006,APPROVED,293.89,2026-01-21,manager,2026-01-01 18:42:02,2026-01-01 23:42:02
100006,2006,POSTED,293.89,2026-01-21,ap_batch,2026-01-01 23:42:03,2026-01-02 23:42:03
100006,2006,CANCELED,293.89,2026-01-21,ap_manager,2026-01-02 23:42:04,9999-12-31 23:59:59
100007,2007,DRAFT,327.85,2026-01-22,ap_clerk,2026-01-01 08:49:00,2026-01-01 12:49:00
100007,2007,SUBMITTED,327.85,2026-01-22,requestor,2026-01-01 12:49:01,2026-01-01 18:49:01
100007,2007,APPROVED,330.80,2026-01-22,manager,2026-01-01 18:49:02,2026-01-01 23:49:02
100007,2007,POSTED,330.80,2026-01-22,ap_batch,2026-01-01 23:49:03,2026-01-02 23:49:03
100007,2007,PAID,330.80,2026-01-22,treasury,2026-01-02 23:49:04,9999-12-31 23:59:59
100008,2008,DRAFT,343.19,2026-01-23,ap_clerk,2026-01-01 08:56:00,2026-01-01 12:56:00
100008,2008,SUBMITTED,343.19,2026-01-23,requestor,2026-01-01 12:56:01,2026-01-01 18:56:01
100008,2008,APPROVED,346.34,2026-01-23,manager,2026-01-01 18:56:02,2026-01-01 23:56:02
100008,2008,POSTED,346.34,2026-01-23,ap_batch,2026-01-01 23:56:03,2026-01-02 23:56:03
100008,2008,PAID,346.34,2026-01-23,treasury,2026-01-02 23:56:04,9999-12-31 23:59:59
100009,2009,DRAFT,377.88,2026-01-24,ap_clerk,2026-01-01 09:03:00,2026-01-01 13:03:00
100009,2009,SUBMITTED,377.88,2026-01-24,requestor,2026-01-01 13:03:01,2026-01-01 19:03:01
100009,2009,APPROVED,378.41,2026-01-24,manager,2026-01-01 19:03:02,2026-01-02 00:03:02
100009,2009,POSTED,378.41,2026-01-24,ap_batch,2026-01-02 00:03:03,2026-01-03 00:03:03
100009,2009,PAID,378.41,2026-01-24,treasury,2026-01-03 00:03:04,9999-12-31 23:59:59
100010,2010,DRAFT,401.31,2026-01-25,ap_clerk,2026-01-01 09:10:00,2026-01-01 13:10:00
100010,2010,SUBMITTED,401.31,2026-01-25,requestor,2026-01-01 13:10:01,2026-01-01 19:10:01
100010,2010,APPROVED,404.95,2026-01-25,manager,2026-01-01 19:10:02,2026-01-02 00:10:02
100010,2010,POSTED,404.95,2026-01-25,ap_batch,2026-01-02 00:10:03,2026-01-03 00:10:03
100010,2010,PAID,404.95,2026-01-25,treasury,2026-01-03 00:10:04,9999-12-31 23:59:59
100011,2011,DRAFT,415.96,2026-01-26,ap_clerk,2026-01-01 09:17:00,2026-01-01 13:17:00
100011,2011,SUBMITTED,415.96,2026-01-26,requestor,2026-01-01 13:17:01,2026-01-01 19:17:01
100011,2011,APPROVED,417.16,2026-01-26,manager,2026-01-01 19:17:02,2026-01-02 00:17:02
100011,2011,POSTED,417.16,2026-01-26,ap_batch,2026-01-02 00:17:03,2026-01-03 00:17:03
100011,2011,PAID,417.16,2026-01-26,treasury,2026-01-03 00:17:04,9999-12-31 23:59:59
100012,2012,DRAFT,451.19,2026-01-27,ap_clerk,2026-01-01 09:24:00,2026-01-01 13:24:00
100012,2012,SUBMITTED,451.19,2026-01-27,requestor,2026-01-01 13:24:01,2026-01-01 19:24:01
100012,2012,APPROVED,453.20,2026-01-27,manager,2026-01-01 19:24:02,2026-01-02 00:24:02
100012,2012,POSTED,453.20,2026-01-27,ap_batch,2026-01-02 00:24:03,2026-01-03 00:24:03
100012,2012,CANCELED,453.20,2026-01-27,ap_manager,2026-01-03 00:24:04,9999-12-31 23:59:59
100013,2013,DRAFT,458.26,2026-01-28,ap_clerk,2026-01-01 09:31:00,2026-01-01 13:31:00
100013,2013,SUBMITTED,458.26,2026-01-28,requestor,2026-01-01 13:31:01,2026-01-01 19:31:01
100013,2013,APPROVED,459.20,2026-01-28,manager,2026-01-01 19:31:02,2026-01-02 00:31:02
100013,2013,POSTED,459.20,2026-01-28,ap_batch,2026-01-02 00:31:03,2026-01-03 00:31:03
100013,2013,PAID,459.20,2026-01-28,treasury,2026-01-03 00:31:04,9999-12-31 23:59:59
100014,2014,DRAFT,496.10,2026-01-29,ap_clerk,2026-01-01 09:38:00,2026-01-01 13:38:00
100014,2014,SUBMITTED,496.10,2026-01-29,requestor,2026-01-01 13:38:01,2026-01-01 19:38:01
100014,2014,APPROVED,499.32,2026-01-29,manager,2026-01-01 19:38:02,2026-01-02 00:38:02
100014,2014,POSTED,499.32,2026-01-29,ap_batch,2026-01-02 00:38:03,2026-01-03 00:38:03
100014,2014,PAID,499.32,2026-01-29,treasury,2026-01-03 00:38:04,9999-12-31 23:59:59
100015,2015,DRAFT,518.84,2026-01-30,ap_clerk,2026-01-01 09:45:00,2026-01-01 13:45:00
100015,2015,SUBMITTED,518.84,2026-01-30,requestor,2026-01-01 13:45:01,2026-01-01 19:45:01
100015,2015,APPROVED,522.62,2026-01-30,manager,2026-01-01 19:45:02,2026-01-02 00:45:02
100015,2015,POSTED,522.62,2026-01-30,ap_batch,2026-01-02 00:45:03,2026-01-03 00:45:03
100015,2015,PAID,522.62,2026-01-30,treasury,2026-01-03 00:45:04,9999-12-31 23:59:59
100016,2016,DRAFT,537.19,2026-01-31,ap_clerk,2026-01-01 09:52:00,2026-01-01 13:52:00
100016,2016,SUBMITTED,537.19,2026-01-31,requestor,2026-01-01 13:52:01,2026-01-01 19:52:01
100016,2016,APPROVED,542.07,2026-01-31,manager,2026-01-01 19:52:02,2026-01-02 00:52:02
100016,2016,POSTED,542.07,2026-01-31,ap_batch,2026-01-02 00:52:03,2026-01-03 00:52:03
100016,2016,PAID,542.07,2026-01-31,treasury,2026-01-03 00:52:04,9999-12-31 23:59:59
100017,2017,DRAFT,158.19,2026-02-01,ap_clerk,2026-01-01 09:59:00,2026-01-01 13:59:00
100017,2017,SUBMITTED,158.19,2026-02-01,requestor,2026-01-01 13:59:01,2026-01-01 19:59:01
100017,2017,APPROVED,161.17,2026-02-01,manager,2026-01-01 19:59:02,2026-01-02 00:59:02
100017,2017,POSTED,161.17,2026-02-01,ap_batch,2026-01-02 00:59:03,2026-01-03 00:59:03
100017,2017,PAID,161.17,2026-02-01,treasury,2026-01-03 00:59:04,9999-12-31 23:59:59
100018,2018,DRAFT,190.26,2026-02-02,ap_clerk,2026-01-01 10:06:00,2026-01-01 14:06:00
100018,2018,SUBMITTED,190.26,2026-02-02,requestor,2026-01-01 14:06:01,2026-01-01 20:06:01
100018,2018,APPROVED,193.54,2026-02-02,manager,2026-01-01 20:06:02,2026-01-02 01:06:02
100018,2018,POSTED,193.54,2026-02-02,ap_batch,2026-01-02 01:06:03,2026-01-03 01:06:03
100018,2018,CANCELED,193.54,2026-02-02,ap_manager,2026-01-03 01:06:04,9999-12-31 23:59:59
100019,2019,DRAFT,214.37,2026-02-03,ap_clerk,2026-01-01 10:13:00,2026-01-01 14:13:00
100019,2019,SUBMITTED,214.37,2026-02-03,requestor,2026-01-01 14:13:01,2026-01-01 20:13:01
100019,2019,APPROVED,217.47,2026-02-03,manager,2026-01-01 20:13:02,2026-01-02 01:13:02
100019,2019,POSTED,217.47,2026-02-03,ap_batch,2026-01-02 01:13:03,2026-01-03 01:13:03
100019,2019,PAID,217.47,2026-02-03,treasury,2026-01-03 01:13:04,9999-12-31 23:59:59
100020,2020,DRAFT,234.89,2026-02-04,ap_clerk,2026-01-01 10:20:00,2026-01-01 14:20:00
100020,2020,SUBMITTED,234.89,2026-02-04,requestor,2026-01-01 14:20:01,2026-01-01 20:20:01
100020,2020,APPROVED,235.60,2026-02-04,manager,2026-01-01 20:20:02,2026-01-02 01:20:02
100020,2020,POSTED,235.60,2026-02-04,ap_batch,2026-01-02 01:20:03,2026-01-03 01:20:03
100020,2020,PAID,235.60,2026-02-04,treasury,2026-01-03 01:20:04,9999-12-31 23:59:59
100021,2021,DRAFT,249.33,2026-02-05,ap_clerk,2026-01-01 10:27:00,2026-01-01 14:27:00
100021,2021,SUBMITTED,249.33,2026-02-05,requestor,2026-01-01 14:27:01,2026-01-01 20:27:01
100021,2021,APPROVED,251.13,2026-02-05,manager,2026-01-01 20:27:02,2026-01-02 01:27:02
100021,2021,POSTED,251.13,2026-02-05,ap_batch,2026-01-02 01:27:03,2026-01-03 01:27:03
100021,2021,PAID,251.13,2026-02-05,treasury,2026-01-03 01:27:04,9999-12-31 23:59:59
100022,2022,DRAFT,270.02,2026-02-06,ap_clerk,2026-01-01 10:34:00,2026-01-01 14:34:00
100022,2022,SUBMITTED,270.02,2026-02-06,requestor,2026-01-01 14:34:01,2026-01-01 20:34:01
100022,2022,APPROVED,271.57,2026-02-06,manager,2026-01-01 20:34:02,2026-01-02 01:34:02
100022,2022,POSTED,271.57,2026-02-06,ap_batch,2026-01-02 01:34:03,2026-01-03 01:34:03
100022,2022,PAID,271.57,2026-02-06,treasury,2026-01-03 01:34:04,9999-12-31 23:59:59
100023,2023,DRAFT,293.92,2026-02-07,ap_clerk,2026-01-01 10:41:00,2026-01-01 14:41:00
100023,2023,SUBMITTED,293.92,2026-02-07,requestor,2026-01-01 14:41:01,2026-01-01 20:41:01
100023,2023,APPROVED,295.67,2026-02-07,manager,2026-01-01 20:41:02,2026-01-02 01:41:02
100023,2023,POSTED,295.67,2026-02-07,ap_batch,2026-01-02 01:41:03,2026-01-03 01:41:03
100023,2023,PAID,295.67,2026-02-07,treasury,2026-01-03 01:41:04,9999-12-31 23:59:59
100024,2024,DRAFT,327.58,2026-02-08,ap_clerk,2026-01-01 10:48:00,2026-01-01 14:48:00
100024,2024,SUBMITTED,327.58,2026-02-08,requestor,2026-01-01 14:48:01,2026-01-01 20:48:01
100024,2024,APPROVED,329.72,2026-02-08,manager,2026-01-01 20:48:02,2026-01-02 01:48:02
100024,2024,POSTED,329.72,2026-02-08,ap_batch,2026-01-02 01:48:03,2026-01-03 01:48:03
100024,2024,CANCELED,329.72,2026-02-08,ap_manager,2026-01-03 01:48:04,9999-12-31 23:59:59
100025,2025,DRAFT,346.03,2026-02-09,ap_clerk,2026-01-01 10:55:00,2026-01-01 14:55:00
100025,2025,SUBMITTED,346.03,2026-02-09,requestor,2026-01-01 14:55:01,2026-01-01 20:55:01
100025,2025,APPROVED,347.47,2026-02-09,manager,2026-01-01 20:55:02,2026-01-02 01:55:02
100025,2025,POSTED,347.47,2026-02-09,ap_batch,2026-01-02 01:55:03,2026-01-03 01:55:03
100025,2025,PAID,347.47,2026-02-09,treasury,2026-01-03 01:55:04,9999-12-31 23:59:59
100026,2026,DRAFT,367.57,2026-02-10,ap_clerk,2026-01-01 11:02:00,2026-01-01 15:02:00
100026,2026,SUBMITTED,367.57,2026-02-10,requestor,2026-01-01 15:02:01,2026-01-01 21:02:01
100026,2026,APPROVED,372.28,2026-02-10,manager,2026-01-01 21:02:02,2026-01-02 02:02:02
100026,2026,POSTED,372.28,2026-02-10,ap_batch,2026-01-02 02:02:03,2026-01-03 02:02:03
100026,2026,PAID,372.28,2026-02-10,treasury,2026-01-03 02:02:04,9999-12-31 23:59:59
100027,2027,DRAFT,398.31,2026-02-11,ap_clerk,2026-01-01 11:09:00,2026-01-01 15:09:00
100027,2027,SUBMITTED,398.31,2026-02-11,requestor,2026-01-01 15:09:01,2026-01-01 21:09:01
100027,2027,APPROVED,401.55,2026-02-11,manager,2026-01-01 21:09:02,2026-01-02 02:09:02
100027,2027,POSTED,401.55,2026-02-11,ap_batch,2026-01-02 02:09:03,2026-01-03 02:09:03
100027,2027,PAID,401.55,2026-02-11,treasury,2026-01-03 02:09:04,9999-12-31 23:59:59
100028,2028,DRAFT,412.75,2026-01-15,ap_clerk,2026-01-01 11:16:00,2026-01-01 15:16:00
100028,2028,SUBMITTED,412.75,2026-01-15,requestor,2026-01-01 15:16:01,2026-01-01 21:16:01
100028,2028,APPROVED,416.53,2026-01-15,manager,2026-01-01 21:16:02,2026-01-02 02:16:02
100028,2028,POSTED,416.53,2026-01-15,ap_batch,2026-01-02 02:16:03,2026-01-03 02:16:03
100028,2028,PAID,416.53,2026-01-15,treasury,2026-01-03 02:16:04,9999-12-31 23:59:59
100029,2029,DRAFT,436.10,2026-01-16,ap_clerk,2026-01-01 11:23:00,2026-01-01 15:23:00
100029,2029,SUBMITTED,436.10,2026-01-16,requestor,2026-01-01 15:23:01,2026-01-01 21:23:01
100029,2029,APPROVED,438.31,2026-01-16,manager,2026-01-01 21:23:02,2026-01-02 02:23:02
100029,2029,POSTED,438.31,2026-01-16,ap_batch,2026-01-02 02:23:03,2026-01-03 02:23:03
100029,2029,PAID,438.31,2026-01-16,treasury,2026-01-03 02:23:04,9999-12-31 23:59:59
100030,2030,DRAFT,475.30,2026-01-17,ap_clerk,2026-01-01 11:30:00,2026-01-01 15:30:00
100030,2030,SUBMITTED,475.30,2026-01-17,requestor,2026-01-01 15:30:01,2026-01-01 21:30:01
100030,2030,APPROVED,478.68,2026-01-17,manager,2026-01-01 21:30:02,2026-01-02 02:30:02
100030,2030,POSTED,478.68,2026-01-17,ap_batch,2026-01-02 02:30:03,2026-01-03 02:30:03
100030,2030,CANCELED,478.68,2026-01-17,ap_manager,2026-01-03 02:30:04,9999-12-31 23:59:59
100031,2031,DRAFT,490.58,2026-01-18,ap_clerk,2026-01-01 11:37:00,2026-01-01 15:37:00
100031,2031,SUBMITTED,490.58,2026-01-18,requestor,2026-01-01 15:37:01,2026-01-01 21:37:01
100031,2031,APPROVED,494.16,2026-01-18,manager,2026-01-01 21:37:02,2026-01-02 02:37:02
100031,2031,POSTED,494.16,2026-01-18,ap_batch,2026-01-02 02:37:03,2026-01-03 02:37:03
100031,2031,PAID,494.16,2026-01-18,treasury,2026-01-03 02:37:04,9999-12-31 23:59:59
100032,2032,DRAFT,519.51,2026-01-19,ap_clerk,2026-01-01 11:44:00,2026-01-01 15:44:00
100032,2032,SUBMITTED,519.51,2026-01-19,requestor,2026-01-01 15:44:01,2026-01-01 21:44:01
100032,2032,APPROVED,523.50,2026-01-19,manager,2026-01-01 21:44:02,2026-01-02 02:44:02
100032,2032,POSTED,523.50,2026-01-19,ap_batch,2026-01-02 02:44:03,2026-01-03 02:44:03
100032,2032,PAID,523.50,2026-01-19,treasury,2026-01-03 02:44:04,9999-12-31 23:59:59
100033,2033,DRAFT,531.35,2026-01-20,ap_clerk,2026-01-01 11:51:00,2026-01-01 15:51:00
100033,2033,SUBMITTED,531.35,2026-01-20,requestor,2026-01-01 15:51:01,2026-01-01 21:51:01
100033,2033,APPROVED,531.99,2026-01-20,manager,2026-01-01 21:51:02,2026-01-02 02:51:02
100033,2033,POSTED,531.99,2026-01-20,ap_batch,2026-01-02 02:51:03,2026-01-03 02:51:03
100033,2033,PAID,531.99,2026-01-20,treasury,2026-01-03 02:51:04,9999-12-31 23:59:59
100034,2034,DRAFT,156.99,2026-01-21,ap_clerk,2026-01-01 11:58:00,2026-01-01 15:58:00
100034,2034,SUBMITTED,156.99,2026-01-21,requestor,2026-01-01 15:58:01,2026-01-01 21:58:01
100034,2034,APPROVED,158.69,2026-01-21,manager,2026-01-01 21:58:02,2026-01-02 02:58:02
100034,2034,POSTED,158.69,2026-01-21,ap_batch,2026-01-02 02:58:03,2026-01-03 02:58:03
100034,2034,PAID,158.69,2026-01-21,treasury,2026-01-03 02:58:04,9999-12-31 23:59:59
100035,2035,DRAFT,178.51,2026-01-22,ap_clerk,2026-01-01 12:05:00,2026-01-01 16:05:00
100035,2035,SUBMITTED,178.51,2026-01-22,requestor,2026-01-01 16:05:01,2026-01-01 22:05:01
100035,2035,APPROVED,183.25,2026-01-22,manager,2026-01-01 22:05:02,2026-01-02 03:05:02
100035,2035,POSTED,183.25,2026-01-22,ap_batch,2026-01-02 03:05:03,2026-01-03 03:05:03
100035,2035,PAID,183.25,2026-01-22,treasury,2026-01-03 03:05:04,9999-12-31 23:59:59
100036,2036,DRAFT,214.65,2026-01-23,ap_clerk,2026-01-01 12:12:00,2026-01-01 16:12:00
100036,2036,SUBMITTED,214.65,2026-01-23,requestor,2026-01-01 16:12:01,2026-01-01 22:12:01
100036,2036,APPROVED,216.57,2026-01-23,manager,2026-01-01 22:12:02,2026-01-02 03:12:02
100036,2036,POSTED,216.57,2026-01-23,ap_batch,2026-01-02 03:12:03,2026-01-03 03:12:03
100036,2036,CANCELED,216.57,2026-01-23,ap_manager,2026-01-03 03:12:04,9999-12-31 23:59:59
100037,2037,DRAFT,233.95,2026-01-24,ap_clerk,2026-01-01 12:19:00,2026-01-01 16:19:00
100037,2037,SUBMITTED,233.95,2026-01-24,requestor,2026-01-01 16:19:01,2026-01-01 22:19:01
100037,2037,APPROVED,236.23,2026-01-24,manager,2026-01-01 22:19:02,2026-01-02 03:19:02
100037,2037,POSTED,236.23,2026-01-24,ap_batch,2026-01-02 03:19:03,2026-01-03 03:19:03
100037,2037,PAID,236.23,2026-01-24,treasury,2026-01-03 03:19:04,9999-12-31 23:59:59
100038,2038,DRAFT,262.38,2026-01-25,ap_clerk,2026-01-01 12:26:00,2026-01-01 16:26:00
100038,2038,SUBMITTED,262.38,2026-01-25,requestor,2026-01-01 16:26:01,2026-01-01 22:26:01
100038,2038,APPROVED,264.94,2026-01-25,manager,2026-01-01 22:26:02,2026-01-02 03:26:02
100038,2038,POSTED,264.94,2026-01-25,ap_batch,2026-01-02 03:26:03,2026-01-03 03:26:03
100038,2038,PAID,264.94,2026-01-25,treasury,2026-01-03 03:26:04,9999-12-31 23:59:59
100039,2039,DRAFT,273.53,2026-01-26,ap_clerk,2026-01-01 12:33:00,2026-01-01 16:33:00
100039,2039,SUBMITTED,273.53,2026-01-26,requestor,2026-01-01 16:33:01,2026-01-01 22:33:01
100039,2039,APPROVED,275.14,2026-01-26,manager,2026-01-01 22:33:02,2026-01-02 03:33:02
100039,2039,POSTED,275.14,2026-01-26,ap_batch,2026-01-02 03:33:03,2026-01-03 03:33:03
100039,2039,PAID,275.14,2026-01-26,treasury,2026-01-03 03:33:04,9999-12-31 23:59:59
100040,2040,DRAFT,302.67,2026-01-27,ap_clerk,2026-01-01 12:40:00,2026-01-01 16:40:00
100040,2040,SUBMITTED,302.67,2026-01-27,requestor,2026-01-01 16:40:01,2026-01-01 22:40:01
100040,2040,APPROVED,304.35,2026-01-27,manager,2026-01-01 22:40:02,2026-01-02 03:40:02
100040,2040,POSTED,304.35,2026-01-27,ap_batch,2026-01-02 03:40:03,2026-01-03 03:40:03
100040,2040,PAID,304.35,2026-01-27,treasury,2026-01-03 03:40:04,9999-12-31 23:59:59
100041,2041,DRAFT,326.61,2026-01-28,ap_clerk,2026-01-01 12:47:00,2026-01-01 16:47:00
100041,2041,SUBMITTED,326.61,2026-01-28,requestor,2026-01-01 16:47:01,2026-01-01 22:47:01
100041,2041,APPROVED,331.15,2026-01-28,manager,2026-01-01 22:47:02,2026-01-02 03:47:02
100041,2041,POSTED,331.15,2026-01-28,ap_batch,2026-01-02 03:47:03,2026-01-03 03:47:03
100041,2041,PAID,331.15,2026-01-28,treasury,2026-01-03 03:47:04,9999-12-31 23:59:59
100042,2042,DRAFT,346.59,2026-01-29,ap_clerk,2026-01-01 12:54:00,2026-01-01 16:54:00
100042,2042,SUBMITTED,346.59,2026-01-29,requestor,2026-01-01 16:54:01,2026-01-01 22:54:01
100042,2042,APPROVED,348.08,2026-01-29,manager,2026-01-01 22:54:02,2026-01-02 03:54:02
100042,2042,POSTED,348.08,2026-01-29,ap_batch,2026-01-02 03:54:03,2026-01-03 03:54:03
100042,2042,CANCELED,348.08,2026-01-29,ap_manager,2026-01-03 03:54:04,9999-12-31 23:59:59
100043,2043,DRAFT,381.45,2026-01-30,ap_clerk,2026-01-01 13:01:00,2026-01-01 17:01:00
100043,2043,SUBMITTED,381.45,2026-01-30,requestor,2026-01-01 17:01:01,2026-01-01 23:01:01
100043,2043,APPROVED,384.24,2026-01-30,manager,2026-01-01 23:01:02,2026-01-02 04:01:02
100043,2043,POSTED,384.24,2026-01-30,ap_batch,2026-01-02 04:01:03,2026-01-03 04:01:03
100043,2043,PAID,384.24,2026-01-30,treasury,2026-01-03 04:01:04,9999-12-31 23:59:59
100044,2044,DRAFT,387.73,2026-01-31,ap_clerk,2026-01-01 13:08:00,2026-01-01 17:08:00
100044,2044,SUBMITTED,387.73,2026-01-31,requestor,2026-01-01 17:08:01,2026-01-01 23:08:01
100044,2044,APPROVED,388.44,2026-01-31,manager,2026-01-01 23:08:02,2026-01-02 04:08:02
100044,2044,POSTED,388.44,2026-01-31,ap_batch,2026-01-02 04:08:03,2026-01-03 04:08:03
100044,2044,PAID,388.44,2026-01-31,treasury,2026-01-03 04:08:04,9999-12-31 23:59:59
100045,2045,DRAFT,411.58,2026-02-01,ap_clerk,2026-01-01 13:15:00,2026-01-01 17:15:00
100045,2045,SUBMITTED,411.58,2026-02-01,requestor,2026-01-01 17:15:01,2026-01-01 23:15:01
100045,2045,APPROVED,414.90,2026-02-01,manager,2026-01-01 23:15:02,2026-01-02 04:15:02
100045,2045,POSTED,414.90,2026-02-01,ap_batch,2026-01-02 04:15:03,2026-01-03 04:15:03
100045,2045,PAID,414.90,2026-02-01,treasury,2026-01-03 04:15:04,9999-12-31 23:59:59
100046,2046,DRAFT,448.05,2026-02-02,ap_clerk,2026-01-01 13:22:00,2026-01-01 17:22:00
100046,2046,SUBMITTED,448.05,2026-02-02,requestor,2026-01-01 17:22:01,2026-01-01 23:22:01
100046,2046,APPROVED,450.45,2026-02-02,manager,2026-01-01 23:22:02,2026-01-02 04:22:02
100046,2046,POSTED,450.45,2026-02-02,ap_batch,2026-01-02 04:22:03,2026-01-03 04:22:03
100046,2046,PAID,450.45,2026-02-02,treasury,2026-01-03 04:22:04,9999-12-31 23:59:59
100047,2047,DRAFT,457.71,2026-02-03,ap_clerk,2026-01-01 13:29:00,2026-01-01 17:29:00
100047,2047,SUBMITTED,457.71,2026-02-03,requestor,2026-01-01 17:29:01,2026-01-01 23:29:01
100047,2047,APPROVED,459.93,2026-02-03,manager,2026-01-01 23:29:02,2026-01-02 04:29:02
100047,2047,POSTED,459.93,2026-02-03,ap_batch,2026-01-02 04:29:03,2026-01-03 04:29:03
100047,2047,PAID,459.93,2026-02-03,treasury,2026-01-03 04:29:04,9999-12-31 23:59:59
100048,2048,DRAFT,498.93,2026-02-04,ap_clerk,2026-01-01 13:36:00,2026-01-01 17:36:00
100048,2048,SUBMITTED,498.93,2026-02-04,requestor,2026-01-01 17:36:01,2026-01-01 23:36:01
100048,2048,APPROVED,501.81,2026-02-04,manager,2026-01-01 23:36:02,2026-01-02 04:36:02
100048,2048,POSTED,501.81,2026-02-04,ap_batch,2026-01-02 04:36:03,2026-01-03 04:36:03
100048,2048,CANCELED,501.81,2026-02-04,ap_manager,2026-01-03 04:36:04,9999-12-31 23:59:59
100049,2049,DRAFT,521.95,2026-02-05,ap_clerk,2026-01-01 13:43:00,2026-01-01 17:43:00
100049,2049,SUBMITTED,521.95,2026-02-05,requestor,2026-01-01 17:43:01,2026-01-01 23:43:01
100049,2049,APPROVED,526.32,2026-02-05,manager,2026-01-01 23:43:02,2026-01-02 04:43:02
100049,2049,POSTED,526.32,2026-02-05,ap_batch,2026-01-02 04:43:03,2026-01-03 04:43:03
100049,2049,PAID,526.32,2026-02-05,treasury,2026-01-03 04:43:04,9999-12-31 23:59:59
100050,2050,DRAFT,527.22,2026-02-06,ap_clerk,2026-01-01 13:50:00,2026-01-01 17:50:00
100050,2050,SUBMITTED,527.22,2026-02-06,requestor,2026-01-01 17:50:01,2026-01-01 23:50:01
100050,2050,APPROVED,530.96,2026-02-06,manager,2026-01-01 23:50:02,2026-01-02 04:50:02
100050,2050,POSTED,530.96,2026-02-06,ap_batch,2026-01-02 04:50:03,2026-01-03 04:50:03
100050,2050,PAID,530.96,2026-02-06,treasury,2026-01-03 04:50:04,9999-12-31 23:59:59
100051,2051,DRAFT,163.95,2026-02-07,ap_clerk,2026-01-01 13:57:00,2026-01-01 17:57:00
100051,2051,SUBMITTED,163.95,2026-02-07,requestor,2026-01-01 17:57:01,2026-01-01 23:57:01
100051,2051,APPROVED,166.87,2026-02-07,manager,2026-01-01 23:57:02,2026-01-02 04:57:02
100051,2051,POSTED,166.87,2026-02-07,ap_batch,2026-01-02 04:57:03,2026-01-03 04:57:03
100051,2051,PAID,166.87,2026-02-07,treasury,2026-01-03 04:57:04,9999-12-31 23:59:59
100052,2052,DRAFT,179.57,2026-02-08,ap_clerk,2026-01-01 14:04:00,2026-01-01 18:04:00
100052,2052,SUBMITTED,179.57,2026-02-08,requestor,2026-01-01 18:04:01,2026-01-02 00:04:01
100052,2052,APPROVED,182.95,2026-02-08,manager,2026-01-02 00:04:02,2026-01-02 05:04:02
100052,2052,POSTED,182.95,2026-02-08,ap_batch,2026-01-02 05:04:03,2026-01-03 05:04:03
100052,2052,PAID,182.95,2026-02-08,treasury,2026-01-03 05:04:04,9999-12-31 23:59:59
100053,2053,DRAFT,200.12,2026-02-09,ap_clerk,2026-01-01 14:11:00,2026-01-01 18:11:00
100053,2053,SUBMITTED,200.12,2026-02-09,requestor,2026-01-01 18:11:01,2026-01-02 00:11:01
100053,2053,APPROVED,202.58,2026-02-09,manager,2026-01-02 00:11:02,2026-01-02 05:11:02
100053,2053,POSTED,202.58,2026-02-09,ap_batch,2026-01-02 05:11:03,2026-01-03 05:11:03
100053,2053,PAID,202.58,2026-02-09,treasury,2026-01-03 05:11:04,9999-12-31 23:59:59
100054,2054,DRAFT,230.12,2026-02-10,ap_clerk,2026-01-01 14:18:00,2026-01-01 18:18:00
100054,2054,SUBMITTED,230.12,2026-02-10,requestor,2026-01-01 18:18:01,2026-01-02 00:18:01
100054,2054,APPROVED,234.91,2026-02-10,manager,2026-01-02 00:18:02,2026-01-02 05:18:02
100054,2054,POSTED,234.91,2026-02-10,ap_batch,2026-01-02 05:18:03,2026-01-03 05:18:03
100054,2054,CANCELED,234.91,2026-02-10,ap_manager,2026-01-03 05:18:04,9999-12-31 23:59:59
100055,2055,DRAFT,261.64,2026-02-11,ap_clerk,2026-01-01 14:25:00,2026-01-01 18:25:00
100055,2055,SUBMITTED,261.64,2026-02-11,requestor,2026-01-01 18:25:01,2026-01-02 00:25:01
100055,2055,APPROVED,263.33,2026-02-11,manager,2026-01-02 00:25:02,2026-01-02 05:25:02
100055,2055,POSTED,263.33,2026-02-11,ap_batch,2026-01-02 05:25:03,2026-01-03 05:25:03
100055,2055,PAID,263.33,2026-02-11,treasury,2026-01-03 05:25:04,9999-12-31 23:59:59
100056,2056,DRAFT,278.01,2026-01-15,ap_clerk,2026-01-01 14:32:00,2026-01-01 18:32:00
100056,2056,SUBMITTED,278.01,2026-01-15,requestor,2026-01-01 18:32:01,2026-01-02 00:32:01
100056,2056,APPROVED,279.31,2026-01-15,manager,2026-01-02 00:32:02,2026-01-02 05:32:02
100056,2056,POSTED,279.31,2026-01-15,ap_batch,2026-01-02 05:32:03,2026-01-03 05:32:03
100056,2056,PAID,279.31,2026-01-15,treasury,2026-01-03 05:32:04,9999-12-31 23:59:59
100057,2057,DRAFT,309.34,2026-01-16,ap_clerk,2026-01-01 14:39:00,2026-01-01 18:39:00
100057,2057,SUBMITTED,309.34,2026-01-16,requestor,2026-01-01 18:39:01,2026-01-02 00:39:01
100057,2057,APPROVED,313.76,2026-01-16,manager,2026-01-02 00:39:02,2026-01-02 05:39:02
100057,2057,POSTED,313.76,2026-01-16,ap_batch,2026-01-02 05:39:03,2026-01-03 05:39:03
100057,2057,PAID,313.76,2026-01-16,treasury,2026-01-03 05:39:04,9999-12-31 23:59:59
100058,2058,DRAFT,321.17,2026-01-17,ap_clerk,2026-01-01 14:46:00,2026-01-01 18:46:00
100058,2058,SUBMITTED,321.17,2026-01-17,requestor,2026-01-01 18:46:01,2026-01-02 00:46:01
100058,2058,APPROVED,324.55,2026-01-17,manager,2026-01-02 00:46:02,2026-01-02 05:46:02
100058,2058,POSTED,324.55,2026-01-17,ap_batch,2026-01-02 05:46:03,2026-01-03 05:46:03
100058,2058,PAID,324.55,2026-01-17,treasury,2026-01-03 05:46:04,9999-12-31 23:59:59
100059,2059,DRAFT,350.57,2026-01-18,ap_clerk,2026-01-01 14:53:00,2026-01-01 18:53:00
100059,2059,SUBMITTED,350.57,2026-01-18,requestor,2026-01-01 18:53:01,2026-01-02 00:53:01
100059,2059,APPROVED,351.76,2026-01-18,manager,2026-01-02 00:53:02,2026-01-02 05:53:02
100059,2059,POSTED,351.76,2026-01-18,ap_batch,2026-01-02 05:53:03,2026-01-03 05:53:03
100059,2059,PAID,351.76,2026-01-18,treasury,2026-01-03 05:53:04,9999-12-31 23:59:59
100060,2060,DRAFT,376.99,2026-01-19,ap_clerk,2026-01-01 15:00:00,2026-01-01 19:00:00
100060,2060,SUBMITTED,376.99,2026-01-19,requestor,2026-01-01 19:00:01,2026-01-02 01:00:01
100060,2060,APPROVED,379.92,2026-01-19,manager,2026-01-02 01:00:02,2026-01-02 06:00:02
100060,2060,POSTED,379.92,2026-01-19,ap_batch,2026-01-02 06:00:03,2026-01-03 06:00:03
100060,2060,CANCELED,379.92,2026-01-19,ap_manager,2026-01-03 06:00:04,9999-12-31 23:59:59
100061,2061,DRAFT,400.79,2026-01-20,ap_clerk,2026-01-01 15:07:00,2026-01-01 19:07:00
100061,2061,SUBMITTED,400.79,2026-01-20,requestor,2026-01-01 19:07:01,2026-01-02 01:07:01
100061,2061,APPROVED,403.68,2026-01-20,manager,2026-01-02 01:07:02,2026-01-02 06:07:02
100061,2061,POSTED,403.68,2026-01-20,ap_batch,2026-01-02 06:07:03,2026-01-03 06:07:03
100061,2061,PAID,403.68,2026-01-20,treasury,2026-01-03 06:07:04,9999-12-31 23:59:59
100062,2062,DRAFT,409.51,2026-01-21,ap_clerk,2026-01-01 15:14:00,2026-01-01 19:14:00
100062,2062,SUBMITTED,409.51,2026-01-21,requestor,2026-01-01 19:14:01,2026-01-02 01:14:01
100062,2062,APPROVED,411.47,2026-01-21,manager,2026-01-02 01:14:02,2026-01-02 06:14:02
100062,2062,POSTED,411.47,2026-01-21,ap_batch,2026-01-02 06:14:03,2026-01-03 06:14:03
100062,2062,PAID,411.47,2026-01-21,treasury,2026-01-03 06:14:04,9999-12-31 23:59:59
100063,2063,DRAFT,433.37,2026-01-22,ap_clerk,2026-01-01 15:21:00,2026-01-01 19:21:00
100063,2063,SUBMITTED,433.37,2026-01-22,requestor,2026-01-01 19:21:01,2026-01-02 01:21:01
100063,2063,APPROVED,438.05,2026-01-22,manager,2026-01-02 01:21:02,2026-01-02 06:21:02
100063,2063,POSTED,438.05,2026-01-22,ap_batch,2026-01-02 06:21:03,2026-01-03 06:21:03
100063,2063,PAID,438.05,2026-01-22,treasury,2026-01-03 06:21:04,9999-12-31 23:59:59
100064,2064,DRAFT,473.20,2026-01-23,ap_clerk,2026-01-01 15:28:00,2026-01-01 19:28:00
100064,2064,SUBMITTED,473.20,2026-01-23,requestor,2026-01-01 19:28:01,2026-01-02 01:28:01
100064,2064,APPROVED,477.44,2026-01-23,manager,2026-01-02 01:28:02,2026-01-02 06:28:02
100064,2064,POSTED,477.44,2026-01-23,ap_batch,2026-01-02 06:28:03,2026-01-03 06:28:03
100064,2064,PAID,477.44,2026-01-23,treasury,2026-01-03 06:28:04,9999-12-31 23:59:59
100065,2065,DRAFT,485.84,2026-01-24,ap_clerk,2026-01-01 15:35:00,2026-01-01 19:35:00
100065,2065,SUBMITTED,485.84,2026-01-24,requestor,2026-01-01 19:35:01,2026-01-02 01:35:01
100065,2065,APPROVED,486.60,2026-01-24,manager,2026-01-02 01:35:02,2026-01-02 06:35:02
100065,2065,POSTED,486.60,2026-01-24,ap_batch,2026-01-02 06:35:03,2026-01-03 06:35:03
100065,2065,PAID,486.60,2026-01-24,treasury,2026-01-03 06:35:04,9999-12-31 23:59:59
100066,2066,DRAFT,520.18,2026-01-25,ap_clerk,2026-01-01 15:42:00,2026-01-01 19:42:00
100066,2066,SUBMITTED,520.18,2026-01-25,requestor,2026-01-01 19:42:01,2026-01-02 01:42:01
100066,2066,APPROVED,524.94,2026-01-25,manager,2026-01-02 01:42:02,2026-01-02 06:42:02
100066,2066,POSTED,524.94,2026-01-25,ap_batch,2026-01-02 06:42:03,2026-01-03 06:42:03
100066,2066,CANCELED,524.94,2026-01-25,ap_manager,2026-01-03 06:42:04,9999-12-31 23:59:59
100067,2067,DRAFT,528.63,2026-01-26,ap_clerk,2026-01-01 15:49:00,2026-01-01 19:49:00
100067,2067,SUBMITTED,528.63,2026-01-26,requestor,2026-01-01 19:49:01,2026-01-02 01:49:01
100067,2067,APPROVED,531.32,2026-01-26,manager,2026-01-02 01:49:02,2026-01-02 06:49:02
100067,2067,POSTED,531.32,2026-01-26,ap_batch,2026-01-02 06:49:03,2026-01-03 06:49:03
100067,2067,PAID,531.32,2026-01-26,treasury,2026-01-03 06:49:04,9999-12-31 23:59:59
100068,2068,DRAFT,152.32,2026-01-27,ap_clerk,2026-01-01 15:56:00,2026-01-01 19:56:00
100068,2068,SUBMITTED,152.32,2026-01-27,requestor,2026-01-01 19:56:01,2026-01-02 01:56:01
100068,2068,APPROVED,156.24,2026-01-27,manager,2026-01-02 01:56:02,2026-01-02 06:56:02
100068,2068,POSTED,156.24,2026-01-27,ap_batch,2026-01-02 06:56:03,2026-01-03 06:56:03
100068,2068,PAID,156.24,2026-01-27,treasury,2026-01-03 06:56:04,9999-12-31 23:59:59
100069,2069,DRAFT,189.05,2026-01-28,ap_clerk,2026-01-01 16:03:00,2026-01-01 20:03:00
100069,2069,SUBMITTED,189.05,2026-01-28,requestor,2026-01-01 20:03:01,2026-01-02 02:03:01
100069,2069,APPROVED,190.13,2026-01-28,manager,2026-01-02 02:03:02,2026-01-02 07:03:02
100069,2069,POSTED,190.13,2026-01-28,ap_batch,2026-01-02 07:03:03,2026-01-03 07:03:03
100069,2069,PAID,190.13,2026-01-28,treasury,2026-01-03 07:03:04,9999-12-31 23:59:59
100070,2070,DRAFT,207.03,2026-01-29,ap_clerk,2026-01-01 16:10:00,2026-01-01 20:10:00
100070,2070,SUBMITTED,207.03,2026-01-29,requestor,2026-01-01 20:10:01,2026-01-02 02:10:01
100070,2070,APPROVED,210.00,2026-01-29,manager,2026-01-02 02:10:02,2026-01-02 07:10:02
100070,2070,POSTED,210.00,2026-01-29,ap_batch,2026-01-02 07:10:03,2026-01-03 07:10:03
100070,2070,PAID,210.00,2026-01-29,treasury,2026-01-03 07:10:04,9999-12-31 23:59:59
100071,2071,DRAFT,226.54,2026-01-30,ap_clerk,2026-01-01 16:17:00,2026-01-01 20:17:00
100071,2071,SUBMITTED,226.54,2026-01-30,requestor,2026-01-01 20:17:01,2026-01-02 02:17:01
100071,2071,APPROVED,230.97,2026-01-30,manager,2026-01-02 02:17:02,2026-01-02 07:17:02
100071,2071,POSTED,230.97,2026-01-30,ap_batch,2026-01-02 07:17:03,2026-01-03 07:17:03
100071,2071,PAID,230.97,2026-01-30,treasury,2026-01-03 07:17:04,9999-12-31 23:59:59
100072,2072,DRAFT,253.04,2026-01-31,ap_clerk,2026-01-01 16:24:00,2026-01-01 20:24:00
100072,2072,SUBMITTED,253.04,2026-01-31,requestor,2026-01-01 20:24:01,2026-01-02 02:24:01
100072,2072,APPROVED,254.49,2026-01-31,manager,2026-01-02 02:24:02,2026-01-02 07:24:02
100072,2072,POSTED,254.49,2026-01-31,ap_batch,2026-01-02 07:24:03,2026-01-03 07:24:03
100072,2072,CANCELED,254.49,2026-01-31,ap_manager,2026-01-03 07:24:04,9999-12-31 23:59:59
100073,2073,DRAFT,278.75,2026-02-01,ap_clerk,2026-01-01 16:31:00,2026-01-01 20:31:00
100073,2073,SUBMITTED,278.75,2026-02-01,requestor,2026-01-01 20:31:01,2026-01-02 02:31:01
100073,2073,APPROVED,282.53,2026-02-01,manager,2026-01-02 02:31:02,2026-01-02 07:31:02
100073,2073,POSTED,282.53,2026-02-01,ap_batch,2026-01-02 07:31:03,2026-01-03 07:31:03
100073,2073,PAID,282.53,2026-02-01,treasury,2026-01-03 07:31:04,9999-12-31 23:59:59
100074,2074,DRAFT,295.82,2026-02-02,ap_clerk,2026-01-01 16:38:00,2026-01-01 20:38:00
100074,2074,SUBMITTED,295.82,2026-02-02,requestor,2026-01-01 20:38:01,2026-01-02 02:38:01
100074,2074,APPROVED,297.72,2026-02-02,manager,2026-01-02 02:38:02,2026-01-02 07:38:02
100074,2074,POSTED,297.72,2026-02-02,ap_batch,2026-01-02 07:38:03,2026-01-03 07:38:03
100074,2074,PAID,297.72,2026-02-02,treasury,2026-01-03 07:38:04,9999-12-31 23:59:59
100075,2075,DRAFT,334.41,2026-02-03,ap_clerk,2026-01-01 16:45:00,2026-01-01 20:45:00
100075,2075,SUBMITTED,334.41,2026-02-03,requestor,2026-01-01 20:45:01,2026-01-02 02:45:01
100075,2075,APPROVED,337.83,2026-02-03,manager,2026-01-02 02:45:02,2026-01-02 07:45:02
100075,2075,POSTED,337.83,2026-02-03,ap_batch,2026-01-02 07:45:03,2026-01-03 07:45:03
100075,2075,PAID,337.83,2026-02-03,treasury,2026-01-03 07:45:04,9999-12-31 23:59:59
100076,2076,DRAFT,347.32,2026-02-04,ap_clerk,2026-01-01 16:52:00,2026-01-01 20:52:00
100076,2076,SUBMITTED,347.32,2026-02-04,requestor,2026-01-01 20:52:01,2026-01-02 02:52:01
100076,2076,APPROVED,350.15,2026-02-04,manager,2026-01-02 02:52:02,2026-01-02 07:52:02
100076,2076,POSTED,350.15,2026-02-04,ap_batch,2026-01-02 07:52:03,2026-01-03 07:52:03
100076,2076,PAID,350.15,2026-02-04,treasury,2026-01-03 07:52:04,9999-12-31 23:59:59
100077,2077,DRAFT,364.80,2026-02-05,ap_clerk,2026-01-01 16:59:00,2026-01-01 20:59:00
100077,2077,SUBMITTED,364.80,2026-02-05,requestor,2026-01-01 20:59:01,2026-01-02 02:59:01
100077,2077,APPROVED,366.31,2026-02-05,manager,2026-01-02 02:59:02,2026-01-02 07:59:02
100077,2077,POSTED,366.31,2026-02-05,ap_batch,2026-01-02 07:59:03,2026-01-03 07:59:03
100077,2077,PAID,366.31,2026-02-05,treasury,2026-01-03 07:59:04,9999-12-31 23:59:59
100078,2078,DRAFT,392.42,2026-02-06,ap_clerk,2026-01-01 17:06:00,2026-01-01 21:06:00
100078,2078,SUBMITTED,392.42,2026-02-06,requestor,2026-01-01 21:06:01,2026-01-02 03:06:01
100078,2078,APPROVED,395.57,2026-02-06,manager,2026-01-02 03:06:02,2026-01-02 08:06:02
100078,2078,POSTED,395.57,2026-02-06,ap_batch,2026-01-02 08:06:03,2026-01-03 08:06:03
100078,2078,CANCELED,395.57,2026-02-06,ap_manager,2026-01-03 08:06:04,9999-12-31 23:59:59
100079,2079,DRAFT,413.87,2026-02-07,ap_clerk,2026-01-01 17:13:00,2026-01-01 21:13:00
100079,2079,SUBMITTED,413.87,2026-02-07,requestor,2026-01-01 21:13:01,2026-01-02 03:13:01
100079,2079,APPROVED,415.36,2026-02-07,manager,2026-01-02 03:13:02,2026-01-02 08:13:02
100079,2079,POSTED,415.36,2026-02-07,ap_batch,2026-01-02 08:13:03,2026-01-03 08:13:03
100079,2079,PAID,415.36,2026-02-07,treasury,2026-01-03 08:13:04,9999-12-31 23:59:59
100080,2080,DRAFT,434.35,2026-02-08,ap_clerk,2026-01-01 17:20:00,2026-01-01 21:20:00
100080,2080,SUBMITTED,434.35,2026-02-08,requestor,2026-01-01 21:20:01,2026-01-02 03:20:01
100080,2080,APPROVED,437.69,2026-02-08,manager,2026-01-02 03:20:02,2026-01-02 08:20:02
100080,2080,POSTED,437.69,2026-02-08,ap_batch,2026-01-02 08:20:03,2026-01-03 08:20:03
100080,2080,PAID,437.69,2026-02-08,treasury,2026-01-03 08:20:04,9999-12-31 23:59:59
100081,2081,DRAFT,460.85,2026-02-09,ap_clerk,2026-01-01 17:27:00,2026-01-01 21:27:00
100081,2081,SUBMITTED,460.85,2026-02-09,requestor,2026-01-01 21:27:01,2026-01-02 03:27:01
100081,2081,APPROVED,465.42,2026-02-09,manager,2026-01-02 03:27:02,2026-01-02 08:27:02
100081,2081,POSTED,465.42,2026-02-09,ap_batch,2026-01-02 08:27:03,2026-01-03 08:27:03
100081,2081,PAID,465.42,2026-02-09,treasury,2026-01-03 08:27:04,9999-12-31 23:59:59
100082,2082,DRAFT,496.33,2026-02-10,ap_clerk,2026-01-01 17:34:00,2026-01-01 21:34:00
100082,2082,SUBMITTED,496.33,2026-02-10,requestor,2026-01-01 21:34:01,2026-01-02 03:34:01
100082,2082,APPROVED,497.15,2026-02-10,manager,2026-01-02 03:34:02,2026-01-02 08:34:02
100082,2082,POSTED,497.15,2026-02-10,ap_batch,2026-01-02 08:34:03,2026-01-03 08:34:03
100082,2082,PAID,497.15,2026-02-10,treasury,2026-01-03 08:34:04,9999-12-31 23:59:59
100083,2083,DRAFT,508.02,2026-02-11,ap_clerk,2026-01-01 17:41:00,2026-01-01 21:41:00
100083,2083,SUBMITTED,508.02,2026-02-11,requestor,2026-01-01 21:41:01,2026-01-02 03:41:01
100083,2083,APPROVED,511.53,2026-02-11,manager,2026-01-02 03:41:02,2026-01-02 08:41:02
100083,2083,POSTED,511.53,2026-02-11,ap_batch,2026-01-02 08:41:03,2026-01-03 08:41:03
100083,2083,PAID,511.53,2026-02-11,treasury,2026-01-03 08:41:04,9999-12-31 23:59:59
100084,2084,DRAFT,531.07,2026-01-15,ap_clerk,2026-01-01 17:48:00,2026-01-01 21:48:00
100084,2084,SUBMITTED,531.07,2026-01-15,requestor,2026-01-01 21:48:01,2026-01-02 03:48:01
100084,2084,APPROVED,532.17,2026-01-15,manager,2026-01-02 03:48:02,2026-01-02 08:48:02
100084,2084,POSTED,532.17,2026-01-15,ap_batch,2026-01-02 08:48:03,2026-01-03 08:48:03
100084,2084,CANCELED,532.17,2026-01-15,ap_manager,2026-01-03 08:48:04,9999-12-31 23:59:59
100085,2085,DRAFT,168.77,2026-01-16,ap_clerk,2026-01-01 17:55:00,2026-01-01 21:55:00
100085,2085,SUBMITTED,168.77,2026-01-16,requestor,2026-01-01 21:55:01,2026-01-02 03:55:01
100085,2085,APPROVED,171.84,2026-01-16,manager,2026-01-02 03:55:02,2026-01-02 08:55:02
100085,2085,POSTED,171.84,2026-01-16,ap_batch,2026-01-02 08:55:03,2026-01-03 08:55:03
100085,2085,PAID,171.84,2026-01-16,treasury,2026-01-03 08:55:04,9999-12-31 23:59:59
100086,2086,DRAFT,183.48,2026-01-17,ap_clerk,2026-01-01 18:02:00,2026-01-01 22:02:00
100086,2086,SUBMITTED,183.48,2026-01-17,requestor,2026-01-01 22:02:01,2026-01-02 04:02:01
100086,2086,APPROVED,187.51,2026-01-17,manager,2026-01-02 04:02:02,2026-01-02 09:02:02
100086,2086,POSTED,187.51,2026-01-17,ap_batch,2026-01-02 09:02:03,2026-01-03 09:02:03
100086,2086,PAID,187.51,2026-01-17,treasury,2026-01-03 09:02:04,9999-12-31 23:59:59
100087,2087,DRAFT,213.34,2026-01-18,ap_clerk,2026-01-01 18:09:00,2026-01-01 22:09:00
100087,2087,SUBMITTED,213.34,2026-01-18,requestor,2026-01-01 22:09:01,2026-01-02 04:09:01
100087,2087,APPROVED,214.70,2026-01-18,manager,2026-01-02 04:09:02,2026-01-02 09:09:02
100087,2087,POSTED,214.70,2026-01-18,ap_batch,2026-01-02 09:09:03,2026-01-03 09:09:03
100087,2087,PAID,214.70,2026-01-18,treasury,2026-01-03 09:09:04,9999-12-31 23:59:59
100088,2088,DRAFT,223.34,2026-01-19,ap_clerk,2026-01-01 18:16:00,2026-01-01 22:16:00
100088,2088,SUBMITTED,223.34,2026-01-19,requestor,2026-01-01 22:16:01,2026-01-02 04:16:01
100088,2088,APPROVED,225.78,2026-01-19,manager,2026-01-02 04:16:02,2026-01-02 09:16:02
100088,2088,POSTED,225.78,2026-01-19,ap_batch,2026-01-02 09:16:03,2026-01-03 09:16:03
100088,2088,PAID,225.78,2026-01-19,treasury,2026-01-03 09:16:04,9999-12-31 23:59:59
100089,2089,DRAFT,253.05,2026-01-20,ap_clerk,2026-01-01 18:23:00,2026-01-01 22:23:00
100089,2089,SUBMITTED,253.05,2026-01-20,requestor,2026-01-01 22:23:01,2026-01-02 04:23:01
100089,2089,APPROVED,255.65,2026-01-20,manager,2026-01-02 04:23:02,2026-01-02 09:23:02
100089,2089,POSTED,255.65,2026-01-20,ap_batch,2026-01-02 09:23:03,2026-01-03 09:23:03
100089,2089,PAID,255.65,2026-01-20,treasury,2026-01-03 09:23:04,9999-12-31 23:59:59
100090,2090,DRAFT,282.35,2026-01-21,ap_clerk,2026-01-01 18:30:00,2026-01-01 22:30:00
100090,2090,SUBMITTED,282.35,2026-01-21,requestor,2026-01-01 22:30:01,2026-01-02 04:30:01
100090,2090,APPROVED,285.88,2026-01-21,manager,2026-01-02 04:30:02,2026-01-02 09:30:02
100090,2090,POSTED,285.88,2026-01-21,ap_batch,2026-01-02 09:30:03,2026-01-03 09:30:03
100090,2090,CANCELED,285.88,2026-01-21,ap_manager,2026-01-03 09:30:04,9999-12-31 23:59:59
100091,2091,DRAFT,310.70,2026-01-22,ap_clerk,2026-01-01 18:37:00,2026-01-01 22:37:00
100091,2091,SUBMITTED,310.70,2026-01-22,requestor,2026-01-01 22:37:01,2026-01-02 04:37:01
100091,2091,APPROVED,311.64,2026-01-22,manager,2026-01-02 04:37:02,2026-01-02 09:37:02
100091,2091,POSTED,311.64,2026-01-22,ap_batch,2026-01-02 09:37:03,2026-01-03 09:37:03
100091,2091,PAID,311.64,2026-01-22,treasury,2026-01-03 09:37:04,9999-12-31 23:59:59
100092,2092,DRAFT,323.15,2026-01-23,ap_clerk,2026-01-01 18:44:00,2026-01-01 22:44:00
100092,2092,SUBMITTED,323.15,2026-01-23,requestor,2026-01-01 22:44:01,2026-01-02 04:44:01
100092,2092,APPROVED,325.18,2026-01-23,manager,2026-01-02 04:44:02,2026-01-02 09:44:02
100092,2092,POSTED,325.18,2026-01-23,ap_batch,2026-01-02 09:44:03,2026-01-03 09:44:03
100092,2092,PAID,325.18,2026-01-23,treasury,2026-01-03 09:44:04,9999-12-31 23:59:59
100093,2093,DRAFT,355.37,2026-01-24,ap_clerk,2026-01-01 18:51:00,2026-01-01 22:51:00
100093,2093,SUBMITTED,355.37,2026-01-24,requestor,2026-01-01 22:51:01,2026-01-02 04:51:01
100093,2093,APPROVED,356.99,2026-01-24,manager,2026-01-02 04:51:02,2026-01-02 09:51:02
100093,2093,POSTED,356.99,2026-01-24,ap_batch,2026-01-02 09:51:03,2026-01-03 09:51:03
100093,2093,PAID,356.99,2026-01-24,treasury,2026-01-03 09:51:04,9999-12-31 23:59:59
100094,2094,DRAFT,366.11,2026-01-25,ap_clerk,2026-01-01 18:58:00,2026-01-01 22:58:00
100094,2094,SUBMITTED,366.11,2026-01-25,requestor,2026-01-01 22:58:01,2026-01-02 04:58:01
100094,2094,APPROVED,368.63,2026-01-25,manager,2026-01-02 04:58:02,2026-01-02 09:58:02
100094,2094,POSTED,368.63,2026-01-25,ap_batch,2026-01-02 09:58:03,2026-01-03 09:58:03
100094,2094,PAID,368.63,2026-01-25,treasury,2026-01-03 09:58:04,9999-12-31 23:59:59
100095,2095,DRAFT,394.02,2026-01-26,ap_clerk,2026-01-01 19:05:00,2026-01-01 23:05:00
100095,2095,SUBMITTED,394.02,2026-01-26,requestor,2026-01-01 23:05:01,2026-01-02 05:05:01
100095,2095,APPROVED,395.77,2026-01-26,manager,2026-01-02 05:05:02,2026-01-02 10:05:02
100095,2095,POSTED,395.77,2026-01-26,ap_batch,2026-01-02 10:05:03,2026-01-03 10:05:03
100095,2095,PAID,395.77,2026-01-26,treasury,2026-01-03 10:05:04,9999-12-31 23:59:59
100096,2096,DRAFT,414.25,2026-01-27,ap_clerk,2026-01-01 19:12:00,2026-01-01 23:12:00
100096,2096,SUBMITTED,414.25,2026-01-27,requestor,2026-01-01 23:12:01,2026-01-02 05:12:01
100096,2096,APPROVED,418.90,2026-01-27,manager,2026-01-02 05:12:02,2026-01-02 10:12:02
100096,2096,POSTED,418.90,2026-01-27,ap_batch,2026-01-02 10:12:03,2026-01-03 10:12:03
100096,2096,CANCELED,418.90,2026-01-27,ap_manager,2026-01-03 10:12:04,9999-12-31 23:59:59
100097,2097,DRAFT,441.42,2026-01-28,ap_clerk,2026-01-01 19:19:00,2026-01-01 23:19:00
100097,2097,SUBMITTED,441.42,2026-01-28,requestor,2026-01-01 23:19:01,2026-01-02 05:19:01
100097,2097,APPROVED,445.80,2026-01-28,manager,2026-01-02 05:19:02,2026-01-02 10:19:02
100097,2097,POSTED,445.80,2026-01-28,ap_batch,2026-01-02 10:19:03,2026-01-03 10:19:03
100097,2097,PAID,445.80,2026-01-28,treasury,2026-01-03 10:19:04,9999-12-31 23:59:59
100098,2098,DRAFT,466.96,2026-01-29,ap_clerk,2026-01-01 19:26:00,2026-01-01 23:26:00
100098,2098,SUBMITTED,466.96,2026-01-29,requestor,2026-01-01 23:26:01,2026-01-02 05:26:01
100098,2098,APPROVED,467.69,2026-01-29,manager,2026-01-02 05:26:02,2026-01-02 10:26:02
100098,2098,POSTED,467.69,2026-01-29,ap_batch,2026-01-02 10:26:03,2026-01-03 10:26:03
100098,2098,PAID,467.69,2026-01-29,treasury,2026-01-03 10:26:04,9999-12-31 23:59:59
100099,2099,DRAFT,498.99,2026-01-30,ap_clerk,2026-01-01 19:33:00,2026-01-01 23:33:00
100099,2099,SUBMITTED,498.99,2026-01-30,requestor,2026-01-01 23:33:01,2026-01-02 05:33:01
100099,2099,APPROVED,503.25,2026-01-30,manager,2026-01-02 05:33:02,2026-01-02 10:33:02
100099,2099,POSTED,503.25,2026-01-30,ap_batch,2026-01-02 10:33:03,2026-01-03 10:33:03
100099,2099,PAID,503.25,2026-01-30,treasury,2026-01-03 10:33:04,9999-12-31 23:59:59
100100,2100,DRAFT,521.91,2026-01-31,ap_clerk,2026-01-01 19:40:00,2026-01-01 23:40:00
100100,2100,SUBMITTED,521.91,2026-01-31,requestor,2026-01-01 23:40:01,2026-01-02 05:40:01
100100,2100,APPROVED,526.58,2026-01-31,manager,2026-01-02 05:40:02,2026-01-02 10:40:02
100100,2100,POSTED,526.58,2026-01-31,ap_batch,2026-01-02 10:40:03,2026-01-03 10:40:03
100100,2100,PAID,526.58,2026-01-31,treasury,2026-01-03 10:40:04,9999-12-31 23:59:59
100101,2101,DRAFT,543.13,2026-02-01,ap_clerk,2026-01-01 19:47:00,2026-01-01 23:47:00
100101,2101,SUBMITTED,543.13,2026-02-01,requestor,2026-01-01 23:47:01,2026-01-02 05:47:01
100101,2101,APPROVED,544.38,2026-02-01,manager,2026-01-02 05:47:02,2026-01-02 10:47:02
100101,2101,POSTED,544.38,2026-02-01,ap_batch,2026-01-02 10:47:03,2026-01-03 10:47:03
100101,2101,PAID,544.38,2026-02-01,treasury,2026-01-03 10:47:04,9999-12-31 23:59:59
100102,2102,DRAFT,160.23,2026-02-02,ap_clerk,2026-01-01 19:54:00,2026-01-01 23:54:00
100102,2102,SUBMITTED,160.23,2026-02-02,requestor,2026-01-01 23:54:01,2026-01-02 05:54:01
100102,2102,APPROVED,161.69,2026-02-02,manager,2026-01-02 05:54:02,2026-01-02 10:54:02
100102,2102,POSTED,161.69,2026-02-02,ap_batch,2026-01-02 10:54:03,2026-01-03 10:54:03
100102,2102,CANCELED,161.69,2026-02-02,ap_manager,2026-01-03 10:54:04,9999-12-31 23:59:59
100103,2103,DRAFT,182.12,2026-02-03,ap_clerk,2026-01-01 20:01:00,2026-01-02 00:01:00
100103,2103,SUBMITTED,182.12,2026-02-03,requestor,2026-01-02 00:01:01,2026-01-02 06:01:01
100103,2103,APPROVED,182.88,2026-02-03,manager,2026-01-02 06:01:02,2026-01-02 11:01:02
100103,2103,POSTED,182.88,2026-02-03,ap_batch,2026-01-02 11:01:03,2026-01-03 11:01:03
100103,2103,PAID,182.88,2026-02-03,treasury,2026-01-03 11:01:04,9999-12-31 23:59:59
100104,2104,DRAFT,205.20,2026-02-04,ap_clerk,2026-01-01 20:08:00,2026-01-02 00:08:00
100104,2104,SUBMITTED,205.20,2026-02-04,requestor,2026-01-02 00:08:01,2026-01-02 06:08:01
100104,2104,APPROVED,210.13,2026-02-04,manager,2026-01-02 06:08:02,2026-01-02 11:08:02
100104,2104,POSTED,210.13,2026-02-04,ap_batch,2026-01-02 11:08:03,2026-01-03 11:08:03
100104,2104,PAID,210.13,2026-02-04,treasury,2026-01-03 11:08:04,9999-12-31 23:59:59
100105,2105,DRAFT,226.54,2026-02-05,ap_clerk,2026-01-01 20:15:00,2026-01-02 00:15:00
100105,2105,SUBMITTED,226.54,2026-02-05,requestor,2026-01-02 00:15:01,2026-01-02 06:15:01
100105,2105,APPROVED,230.57,2026-02-05,manager,2026-01-02 06:15:02,2026-01-02 11:15:02
100105,2105,POSTED,230.57,2026-02-05,ap_batch,2026-01-02 11:15:03,2026-01-03 11:15:03
100105,2105,PAID,230.57,2026-02-05,treasury,2026-01-03 11:15:04,9999-12-31 23:59:59
100106,2106,DRAFT,253.65,2026-02-06,ap_clerk,2026-01-01 20:22:00,2026-01-02 00:22:00
100106,2106,SUBMITTED,253.65,2026-02-06,requestor,2026-01-02 00:22:01,2026-01-02 06:22:01
100106,2106,APPROVED,256.05,2026-02-06,manager,2026-01-02 06:22:02,2026-01-02 11:22:02
100106,2106,POSTED,256.05,2026-02-06,ap_batch,2026-01-02 11:22:03,2026-01-03 11:22:03
100106,2106,PAID,256.05,2026-02-06,treasury,2026-01-03 11:22:04,9999-12-31 23:59:59
100107,2107,DRAFT,286.69,2026-02-07,ap_clerk,2026-01-01 20:29:00,2026-01-02 00:29:00
100107,2107,SUBMITTED,286.69,2026-02-07,requestor,2026-01-02 00:29:01,2026-01-02 06:29:01
100107,2107,APPROVED,291.67,2026-02-07,manager,2026-01-02 06:29:02,2026-01-02 11:29:02
100107,2107,POSTED,291.67,2026-02-07,ap_batch,2026-01-02 11:29:03,2026-01-03 11:29:03
100107,2107,PAID,291.67,2026-02-07,treasury,2026-01-03 11:29:04,9999-12-31 23:59:59
100108,2108,DRAFT,302.56,2026-02-08,ap_clerk,2026-01-01 20:36:00,2026-01-02 00:36:00
100108,2108,SUBMITTED,302.56,2026-02-08,requestor,2026-01-02 00:36:01,2026-01-02 06:36:01
100108,2108,APPROVED,306.29,2026-02-08,manager,2026-01-02 06:36:02,2026-01-02 11:36:02
100108,2108,POSTED,306.29,2026-02-08,ap_batch,2026-01-02 11:36:03,2026-01-03 11:36:03
100108,2108,CANCELED,306.29,2026-02-08,ap_manager,2026-01-03 11:36:04,9999-12-31 23:59:59
100109,2109,DRAFT,318.44,2026-02-09,ap_clerk,2026-01-01 20:43:00,2026-01-02 00:43:00
100109,2109,SUBMITTED,318.44,2026-02-09,requestor,2026-01-02 00:43:01,2026-01-02 06:43:01
100109,2109,APPROVED,320.28,2026-02-09,manager,2026-01-02 06:43:02,2026-01-02 11:43:02
100109,2109,POSTED,320.28,2026-02-09,ap_batch,2026-01-02 11:43:03,2026-01-03 11:43:03
100109,2109,PAID,320.28,2026-02-09,treasury,2026-01-03 11:43:04,9999-12-31 23:59:59
100110,2110,DRAFT,357.41,2026-02-10,ap_clerk,2026-01-01 20:50:00,2026-01-02 00:50:00
100110,2110,SUBMITTED,357.41,2026-02-10,requestor,2026-01-02 00:50:01,2026-01-02 06:50:01
100110,2110,APPROVED,360.52,2026-02-10,manager,2026-01-02 06:50:02,2026-01-02 11:50:02
100110,2110,POSTED,360.52,2026-02-10,ap_batch,2026-01-02 11:50:03,2026-01-03 11:50:03
100110,2110,PAID,360.52,2026-02-10,treasury,2026-01-03 11:50:04,9999-12-31 23:59:59
100111,2111,DRAFT,372.80,2026-02-11,ap_clerk,2026-01-01 20:57:00,2026-01-02 00:57:00
100111,2111,SUBMITTED,372.80,2026-02-11,requestor,2026-01-02 00:57:01,2026-01-02 06:57:01
100111,2111,APPROVED,376.67,2026-02-11,manager,2026-01-02 06:57:02,2026-01-02 11:57:02
100111,2111,POSTED,376.67,2026-02-11,ap_batch,2026-01-02 11:57:03,2026-01-03 11:57:03
100111,2111,PAID,376.67,2026-02-11,treasury,2026-01-03 11:57:04,9999-12-31 23:59:59
100112,2112,DRAFT,387.09,2026-01-15,ap_clerk,2026-01-01 21:04:00,2026-01-02 01:04:00
100112,2112,SUBMITTED,387.09,2026-01-15,requestor,2026-01-02 01:04:01,2026-01-02 07:04:01
100112,2112,APPROVED,390.22,2026-01-15,manager,2026-01-02 07:04:02,2026-01-02 12:04:02
100112,2112,POSTED,390.22,2026-01-15,ap_batch,2026-01-02 12:04:03,2026-01-03 12:04:03
100112,2112,PAID,390.22,2026-01-15,treasury,2026-01-03 12:04:04,9999-12-31 23:59:59
100113,2113,DRAFT,419.05,2026-01-16,ap_clerk,2026-01-01 21:11:00,2026-01-02 01:11:00
100113,2113,SUBMITTED,419.05,2026-01-16,requestor,2026-01-02 01:11:01,2026-01-02 07:11:01
100113,2113,APPROVED,423.39,2026-01-16,manager,2026-01-02 07:11:02,2026-01-02 12:11:02
100113,2113,POSTED,423.39,2026-01-16,ap_batch,2026-01-02 12:11:03,2026-01-03 12:11:03
100113,2113,PAID,423.39,2026-01-16,treasury,2026-01-03 12:11:04,9999-12-31 23:59:59
100114,2114,DRAFT,435.99,2026-01-17,ap_clerk,2026-01-01 21:18:00,2026-01-02 01:18:00
100114,2114,SUBMITTED,435.99,2026-01-17,requestor,2026-01-02 01:18:01,2026-01-02 07:18:01
100114,2114,APPROVED,440.81,2026-01-17,manager,2026-01-02 07:18:02,2026-01-02 12:18:02
100114,2114,POSTED,440.81,2026-01-17,ap_batch,2026-01-02 12:18:03,2026-01-03 12:18:03
100114,2114,CANCELED,440.81,2026-01-17,ap_manager,2026-01-03 12:18:04,9999-12-31 23:59:59
100115,2115,DRAFT,458.02,2026-01-18,ap_clerk,2026-01-01 21:25:00,2026-01-02 01:25:00
100115,2115,SUBMITTED,458.02,2026-01-18,requestor,2026-01-02 01:25:01,2026-01-02 07:25:01
100115,2115,APPROVED,459.36,2026-01-18,manager,2026-01-02 07:25:02,2026-01-02 12:25:02
100115,2115,POSTED,459.36,2026-01-18,ap_batch,2026-01-02 12:25:03,2026-01-03 12:25:03
100115,2115,PAID,459.36,2026-01-18,treasury,2026-01-03 12:25:04,9999-12-31 23:59:59
100116,2116,DRAFT,491.31,2026-01-19,ap_clerk,2026-01-01 21:32:00,2026-01-02 01:32:00
100116,2116,SUBMITTED,491.31,2026-01-19,requestor,2026-01-02 01:32:01,2026-01-02 07:32:01
100116,2116,APPROVED,494.85,2026-01-19,manager,2026-01-02 07:32:02,2026-01-02 12:32:02
100116,2116,POSTED,494.85,2026-01-19,ap_batch,2026-01-02 12:32:03,2026-01-03 12:32:03
100116,2116,PAID,494.85,2026-01-19,treasury,2026-01-03 12:32:04,9999-12-31 23:59:59
100117,2117,DRAFT,507.97,2026-01-20,ap_clerk,2026-01-01 21:39:00,2026-01-02 01:39:00
100117,2117,SUBMITTED,507.97,2026-01-20,requestor,2026-01-02 01:39:01,2026-01-02 07:39:01
100117,2117,APPROVED,509.01,2026-01-20,manager,2026-01-02 07:39:02,2026-01-02 12:39:02
100117,2117,POSTED,509.01,2026-01-20,ap_batch,2026-01-02 12:39:03,2026-01-03 12:39:03
100117,2117,PAID,509.01,2026-01-20,treasury,2026-01-03 12:39:04,9999-12-31 23:59:59
100118,2118,DRAFT,543.92,2026-01-21,ap_clerk,2026-01-01 21:46:00,2026-01-02 01:46:00
100118,2118,SUBMITTED,543.92,2026-01-21,requestor,2026-01-02 01:46:01,2026-01-02 07:46:01
100118,2118,APPROVED,545.53,2026-01-21,manager,2026-01-02 07:46:02,2026-01-02 12:46:02
100118,2118,POSTED,545.53,2026-01-21,ap_batch,2026-01-02 12:46:03,2026-01-03 12:46:03
100118,2118,PAID,545.53,2026-01-21,treasury,2026-01-03 12:46:04,9999-12-31 23:59:59
100119,2119,DRAFT,162.30,2026-01-22,ap_clerk,2026-01-01 21:53:00,2026-01-02 01:53:00
100119,2119,SUBMITTED,162.30,2026-01-22,requestor,2026-01-02 01:53:01,2026-01-02 07:53:01
100119,2119,APPROVED,165.59,2026-01-22,manager,2026-01-02 07:53:02,2026-01-02 12:53:02
100119,2119,POSTED,165.59,2026-01-22,ap_batch,2026-01-02 12:53:03,2026-01-03 12:53:03
100119,2119,PAID,165.59,2026-01-22,treasury,2026-01-03 12:53:04,9999-12-31 23:59:59
100120,2120,DRAFT,182.47,2026-01-23,ap_clerk,2026-01-01 22:00:00,2026-01-02 02:00:00
100120,2120,SUBMITTED,182.47,2026-01-23,requestor,2026-01-02 02:00:01,2026-01-02 08:00:01
100120,2120,APPROVED,185.60,2026-01-23,manager,2026-01-02 08:00:02,2026-01-02 13:00:02
100120,2120,POSTED,185.60,2026-01-23,ap_batch,2026-01-02 13:00:03,2026-01-03 13:00:03
100120,2120,CANCELED,185.60,2026-01-23,ap_manager,2026-01-03 13:00:04,9999-12-31 23:59:59
100121,2121,DRAFT,207.93,2026-01-24,ap_clerk,2026-01-01 22:07:00,2026-01-02 02:07:00
100121,2121,SUBMITTED,207.93,2026-01-24,requestor,2026-01-02 02:07:01,2026-01-02 08:07:01
100121,2121,APPROVED,212.64,2026-01-24,manager,2026-01-02 08:07:02,2026-01-02 13:07:02
100121,2121,POSTED,212.64,2026-01-24,ap_batch,2026-01-02 13:07:03,2026-01-03 13:07:03
100121,2121,PAID,212.64,2026-01-24,treasury,2026-01-03 13:07:04,9999-12-31 23:59:59
100122,2122,DRAFT,225.38,2026-01-25,ap_clerk,2026-01-01 22:14:00,2026-01-02 02:14:00
100122,2122,SUBMITTED,225.38,2026-01-25,requestor,2026-01-02 02:14:01,2026-01-02 08:14:01
100122,2122,APPROVED,229.10,2026-01-25,manager,2026-01-02 08:14:02,2026-01-02 13:14:02
100122,2122,POSTED,229.10,2026-01-25,ap_batch,2026-01-02 13:14:03,2026-01-03 13:14:03
100122,2122,PAID,229.10,2026-01-25,treasury,2026-01-03 13:14:04,9999-12-31 23:59:59
100123,2123,DRAFT,249.54,2026-01-26,ap_clerk,2026-01-01 22:21:00,2026-01-02 02:21:00
100123,2123,SUBMITTED,249.54,2026-01-26,requestor,2026-01-02 02:21:01,2026-01-02 08:21:01
100123,2123,APPROVED,251.82,2026-01-26,manager,2026-01-02 08:21:02,2026-01-02 13:21:02
100123,2123,POSTED,251.82,2026-01-26,ap_batch,2026-01-02 13:21:03,2026-01-03 13:21:03
100123,2123,PAID,251.82,2026-01-26,treasury,2026-01-03 13:21:04,9999-12-31 23:59:59
100124,2124,DRAFT,281.26,2026-01-27,ap_clerk,2026-01-01 22:28:00,2026-01-02 02:28:00
100124,2124,SUBMITTED,281.26,2026-01-27,requestor,2026-01-02 02:28:01,2026-01-02 08:28:01
100124,2124,APPROVED,283.11,2026-01-27,manager,2026-01-02 08:28:02,2026-01-02 13:28:02
100124,2124,POSTED,283.11,2026-01-27,ap_batch,2026-01-02 13:28:03,2026-01-03 13:28:03
100124,2124,PAID,283.11,2026-01-27,treasury,2026-01-03 13:28:04,9999-12-31 23:59:59
100125,2125,DRAFT,298.01,2026-01-28,ap_clerk,2026-01-01 22:35:00,2026-01-02 02:35:00
100125,2125,SUBMITTED,298.01,2026-01-28,requestor,2026-01-02 02:35:01,2026-01-02 08:35:01
100125,2125,APPROVED,301.89,2026-01-28,manager,2026-01-02 08:35:02,2026-01-02 13:35:02
100125,2125,POSTED,301.89,2026-01-28,ap_batch,2026-01-02 13:35:03,2026-01-03 13:35:03
100125,2125,PAID,301.89,2026-01-28,treasury,2026-01-03 13:35:04,9999-12-31 23:59:59
100126,2126,DRAFT,316.88,2026-01-29,ap_clerk,2026-01-01 22:42:00,2026-01-02 02:42:00
100126,2126,SUBMITTED,316.88,2026-01-29,requestor,2026-01-02 02:42:01,2026-01-02 08:42:01
100126,2126,APPROVED,319.44,2026-01-29,manager,2026-01-02 08:42:02,2026-01-02 13:42:02
100126,2126,POSTED,319.44,2026-01-29,ap_batch,2026-01-02 13:42:03,2026-01-03 13:42:03
100126,2126,CANCELED,319.44,2026-01-29,ap_manager,2026-01-03 13:42:04,9999-12-31 23:59:59
100127,2127,DRAFT,357.97,2026-01-30,ap_clerk,2026-01-01 22:49:00,2026-01-02 02:49:00
100127,2127,SUBMITTED,357.97,2026-01-30,requestor,2026-01-02 02:49:01,2026-01-02 08:49:01
100127,2127,APPROVED,362.95,2026-01-30,manager,2026-01-02 08:49:02,2026-01-02 13:49:02
100127,2127,POSTED,362.95,2026-01-30,ap_batch,2026-01-02 13:49:03,2026-01-03 13:49:03
100127,2127,PAID,362.95,2026-01-30,treasury,2026-01-03 13:49:04,9999-12-31 23:59:59
100128,2128,DRAFT,363.89,2026-01-31,ap_clerk,2026-01-01 22:56:00,2026-01-02 02:56:00
100128,2128,SUBMITTED,363.89,2026-01-31,requestor,2026-01-02 02:56:01,2026-01-02 08:56:01
100128,2128,APPROVED,365.35,2026-01-31,manager,2026-01-02 08:56:02,2026-01-02 13:56:02
100128,2128,POSTED,365.35,2026-01-31,ap_batch,2026-01-02 13:56:03,2026-01-03 13:56:03
100128,2128,PAID,365.35,2026-01-31,treasury,2026-01-03 13:56:04,9999-12-31 23:59:59
100129,2129,DRAFT,391.04,2026-02-01,ap_clerk,2026-01-01 23:03:00,2026-01-02 03:03:00
100129,2129,SUBMITTED,391.04,2026-02-01,requestor,2026-01-02 03:03:01,2026-01-02 09:03:01
100129,2129,APPROVED,395.74,2026-02-01,manager,2026-01-02 09:03:02,2026-01-02 14:03:02
100129,2129,POSTED,395.74,2026-02-01,ap_batch,2026-01-02 14:03:03,2026-01-03 14:03:03
100129,2129,PAID,395.74,2026-02-01,treasury,2026-01-03 14:03:04,9999-12-31 23:59:59
100130,2130,DRAFT,426.24,2026-02-02,ap_clerk,2026-01-01 23:10:00,2026-01-02 03:10:00
100130,2130,SUBMITTED,426.24,2026-02-02,requestor,2026-01-02 03:10:01,2026-01-02 09:10:01
100130,2130,APPROVED,430.70,2026-02-02,manager,2026-01-02 09:10:02,2026-01-02 14:10:02
100130,2130,POSTED,430.70,2026-02-02,ap_batch,2026-01-02 14:10:03,2026-01-03 14:10:03
100130,2130,PAID,430.70,2026-02-02,treasury,2026-01-03 14:10:04,9999-12-31 23:59:59
100131,2131,DRAFT,440.02,2026-02-03,ap_clerk,2026-01-01 23:17:00,2026-01-02 03:17:00
100131,2131,SUBMITTED,440.02,2026-02-03,requestor,2026-01-02 03:17:01,2026-01-02 09:17:01
100131,2131,APPROVED,441.23,2026-02-03,manager,2026-01-02 09:17:02,2026-01-02 14:17:02
100131,2131,POSTED,441.23,2026-02-03,ap_batch,2026-01-02 14:17:03,2026-01-03 14:17:03
100131,2131,PAID,441.23,2026-02-03,treasury,2026-01-03 14:17:04,9999-12-31 23:59:59
100132,2132,DRAFT,472.34,2026-02-04,ap_clerk,2026-01-01 23:24:00,2026-01-02 03:24:00
100132,2132,SUBMITTED,472.34,2026-02-04,requestor,2026-01-02 03:24:01,2026-01-02 09:24:01
100132,2132,APPROVED,476.01,2026-02-04,manager,2026-01-02 09:24:02,2026-01-02 14:24:02
100132,2132,POSTED,476.01,2026-02-04,ap_batch,2026-01-02 14:24:03,2026-01-03 14:24:03
100132,2132,CANCELED,476.01,2026-02-04,ap_manager,2026-01-03 14:24:04,9999-12-31 23:59:59
100133,2133,DRAFT,491.62,2026-02-05,ap_clerk,2026-01-01 23:31:00,2026-01-02 03:31:00
100133,2133,SUBMITTED,491.62,2026-02-05,requestor,2026-01-02 03:31:01,2026-01-02 09:31:01
100133,2133,APPROVED,496.56,2026-02-05,manager,2026-01-02 09:31:02,2026-01-02 14:31:02
100133,2133,POSTED,496.56,2026-02-05,ap_batch,2026-01-02 14:31:03,2026-01-03 14:31:03
100133,2133,PAID,496.56,2026-02-05,treasury,2026-01-03 14:31:04,9999-12-31 23:59:59
100134,2134,DRAFT,515.93,2026-02-06,ap_clerk,2026-01-01 23:38:00,2026-01-02 03:38:00
100134,2134,SUBMITTED,515.93,2026-02-06,requestor,2026-01-02 03:38:01,2026-01-02 09:38:01
100134,2134,APPROVED,516.47,2026-02-06,manager,2026-01-02 09:38:02,2026-01-02 14:38:02
100134,2134,POSTED,516.47,2026-02-06,ap_batch,2026-01-02 14:38:03,2026-01-03 14:38:03
100134,2134,PAID,516.47,2026-02-06,treasury,2026-01-03 14:38:04,9999-12-31 23:59:59
100135,2135,DRAFT,542.52,2026-02-07,ap_clerk,2026-01-01 23:45:00,2026-01-02 03:45:00
100135,2135,SUBMITTED,542.52,2026-02-07,requestor,2026-01-02 03:45:01,2026-01-02 09:45:01
100135,2135,APPROVED,544.37,2026-02-07,manager,2026-01-02 09:45:02,2026-01-02 14:45:02
100135,2135,POSTED,544.37,2026-02-07,ap_batch,2026-01-02 14:45:03,2026-01-03 14:45:03
100135,2135,PAID,544.37,2026-02-07,treasury,2026-01-03 14:45:04,9999-12-31 23:59:59
100136,2136,DRAFT,163.60,2026-02-08,ap_clerk,2026-01-01 23:52:00,2026-01-02 03:52:00
100136,2136,SUBMITTED,163.60,2026-02-08,requestor,2026-01-02 03:52:01,2026-01-02 09:52:01
100136,2136,APPROVED,168.33,2026-02-08,manager,2026-01-02 09:52:02,2026-01-02 14:52:02
100136,2136,POSTED,168.33,2026-02-08,ap_batch,2026-01-02 14:52:03,2026-01-03 14:52:03
100136,2136,PAID,168.33,2026-02-08,treasury,2026-01-03 14:52:04,9999-12-31 23:59:59
100137,2137,DRAFT,177.05,2026-02-09,ap_clerk,2026-01-01 23:59:00,2026-01-02 03:59:00
100137,2137,SUBMITTED,177.05,2026-02-09,requestor,2026-01-02 03:59:01,2026-01-02 09:59:01
100137,2137,APPROVED,178.07,2026-02-09,manager,2026-01-02 09:59:02,2026-01-02 14:59:02
100137,2137,POSTED,178.07,2026-02-09,ap_batch,2026-01-02 14:59:03,2026-01-03 14:59:03
100137,2137,PAID,178.07,2026-02-09,treasury,2026-01-03 14:59:04,9999-12-31 23:59:59
100138,2138,DRAFT,200.03,2026-02-10,ap_clerk,2026-01-02 00:06:00,2026-01-02 04:06:00
100138,2138,SUBMITTED,200.03,2026-02-10,requestor,2026-01-02 04:06:01,2026-01-02 10:06:01
100138,2138,APPROVED,203.02,2026-02-10,manager,2026-01-02 10:06:02,2026-01-02 15:06:02
100138,2138,POSTED,203.02,2026-02-10,ap_batch,2026-01-02 15:06:03,2026-01-03 15:06:03
100138,2138,CANCELED,203.02,2026-02-10,ap_manager,2026-01-03 15:06:04,9999-12-31 23:59:59
100139,2139,DRAFT,226.67,2026-02-11,ap_clerk,2026-01-02 00:13:00,2026-01-02 04:13:00
100139,2139,SUBMITTED,226.67,2026-02-11,requestor,2026-01-02 04:13:01,2026-01-02 10:13:01
100139,2139,APPROVED,229.89,2026-02-11,manager,2026-01-02 10:13:02,2026-01-02 15:13:02
100139,2139,POSTED,229.89,2026-02-11,ap_batch,2026-01-02 15:13:03,2026-01-03 15:13:03
100139,2139,PAID,229.89,2026-02-11,treasury,2026-01-03 15:13:04,9999-12-31 23:59:59
100140,2140,DRAFT,258.63,2026-01-15,ap_clerk,2026-01-02 00:20:00,2026-01-02 04:20:00
100140,2140,SUBMITTED,258.63,2026-01-15,requestor,2026-01-02 04:20:01,2026-01-02 10:20:01
100140,2140,APPROVED,260.05,2026-01-15,manager,2026-01-02 10:20:02,2026-01-02 15:20:02
100140,2140,POSTED,260.05,2026-01-15,ap_batch,2026-01-02 15:20:03,2026-01-03 15:20:03
100140,2140,PAID,260.05,2026-01-15,treasury,2026-01-03 15:20:04,9999-12-31 23:59:59
100141,2141,DRAFT,280.55,2026-01-16,ap_clerk,2026-01-02 00:27:00,2026-01-02 04:27:00
100141,2141,SUBMITTED,280.55,2026-01-16,requestor,2026-01-02 04:27:01,2026-01-02 10:27:01
100141,2141,APPROVED,282.24,2026-01-16,manager,2026-01-02 10:27:02,2026-01-02 15:27:02
100141,2141,POSTED,282.24,2026-01-16,ap_batch,2026-01-02 15:27:03,2026-01-03 15:27:03
100141,2141,PAID,282.24,2026-01-16,treasury,2026-01-03 15:27:04,9999-12-31 23:59:59
100142,2142,DRAFT,301.28,2026-01-17,ap_clerk,2026-01-02 00:34:00,2026-01-02 04:34:00
100142,2142,SUBMITTED,301.28,2026-01-17,requestor,2026-01-02 04:34:01,2026-01-02 10:34:01
100142,2142,APPROVED,305.85,2026-01-17,manager,2026-01-02 10:34:02,2026-01-02 15:34:02
100142,2142,POSTED,305.85,2026-01-17,ap_batch,2026-01-02 15:34:03,2026-01-03 15:34:03
100142,2142,PAID,305.85,2026-01-17,treasury,2026-01-03 15:34:04,9999-12-31 23:59:59
100143,2143,DRAFT,331.58,2026-01-18,ap_clerk,2026-01-02 00:41:00,2026-01-02 04:41:00
100143,2143,SUBMITTED,331.58,2026-01-18,requestor,2026-01-02 04:41:01,2026-01-02 10:41:01
100143,2143,APPROVED,332.50,2026-01-18,manager,2026-01-02 10:41:02,2026-01-02 15:41:02
100143,2143,POSTED,332.50,2026-01-18,ap_batch,2026-01-02 15:41:03,2026-01-03 15:41:03
100143,2143,PAID,332.50,2026-01-18,treasury,2026-01-03 15:41:04,9999-12-31 23:59:59
100144,2144,DRAFT,347.05,2026-01-19,ap_clerk,2026-01-02 00:48:00,2026-01-02 04:48:00
100144,2144,SUBMITTED,347.05,2026-01-19,requestor,2026-01-02 04:48:01,2026-01-02 10:48:01
100144,2144,APPROVED,348.80,2026-01-19,manager,2026-01-02 10:48:02,2026-01-02 15:48:02
100144,2144,POSTED,348.80,2026-01-19,ap_batch,2026-01-02 15:48:03,2026-01-03 15:48:03
100144,2144,CANCELED,348.80,2026-01-19,ap_manager,2026-01-03 15:48:04,9999-12-31 23:59:59
100145,2145,DRAFT,362.57,2026-01-20,ap_clerk,2026-01-02 00:55:00,2026-01-02 04:55:00
100145,2145,SUBMITTED,362.57,2026-01-20,requestor,2026-01-02 04:55:01,2026-01-02 10:55:01
100145,2145,APPROVED,366.54,2026-01-20,manager,2026-01-02 10:55:02,2026-01-02 15:55:02
100145,2145,POSTED,366.54,2026-01-20,ap_batch,2026-01-02 15:55:03,2026-01-03 15:55:03
100145,2145,PAID,366.54,2026-01-20,treasury,2026-01-03 15:55:04,9999-12-31 23:59:59
100146,2146,DRAFT,398.11,2026-01-21,ap_clerk,2026-01-02 01:02:00,2026-01-02 05:02:00
100146,2146,SUBMITTED,398.11,2026-01-21,requestor,2026-01-02 05:02:01,2026-01-02 11:02:01
100146,2146,APPROVED,399.79,2026-01-21,manager,2026-01-02 11:02:02,2026-01-02 16:02:02
100146,2146,POSTED,399.79,2026-01-21,ap_batch,2026-01-02 16:02:03,2026-01-03 16:02:03
100146,2146,PAID,399.79,2026-01-21,treasury,2026-01-03 16:02:04,9999-12-31 23:59:59
100147,2147,DRAFT,423.58,2026-01-22,ap_clerk,2026-01-02 01:09:00,2026-01-02 05:09:00
100147,2147,SUBMITTED,423.58,2026-01-22,requestor,2026-01-02 05:09:01,2026-01-02 11:09:01
100147,2147,APPROVED,426.56,2026-01-22,manager,2026-01-02 11:09:02,2026-01-02 16:09:02
100147,2147,POSTED,426.56,2026-01-22,ap_batch,2026-01-02 16:09:03,2026-01-03 16:09:03
100147,2147,PAID,426.56,2026-01-22,treasury,2026-01-03 16:09:04,9999-12-31 23:59:59
100148,2148,DRAFT,441.13,2026-01-23,ap_clerk,2026-01-02 01:16:00,2026-01-02 05:16:00
100148,2148,SUBMITTED,441.13,2026-01-23,requestor,2026-01-02 05:16:01,2026-01-02 11:16:01
100148,2148,APPROVED,441.67,2026-01-23,manager,2026-01-02 11:16:02,2026-01-02 16:16:02
100148,2148,POSTED,441.67,2026-01-23,ap_batch,2026-01-02 16:16:03,2026-01-03 16:16:03
100148,2148,PAID,441.67,2026-01-23,treasury,2026-01-03 16:16:04,9999-12-31 23:59:59
100149,2149,DRAFT,457.93,2026-01-24,ap_clerk,2026-01-02 01:23:00,2026-01-02 05:23:00
100149,2149,SUBMITTED,457.93,2026-01-24,requestor,2026-01-02 05:23:01,2026-01-02 11:23:01
100149,2149,APPROVED,462.40,2026-01-24,manager,2026-01-02 11:23:02,2026-01-02 16:23:02
100149,2149,POSTED,462.40,2026-01-24,ap_batch,2026-01-02 16:23:03,2026-01-03 16:23:03
100149,2149,PAID,462.40,2026-01-24,treasury,2026-01-03 16:23:04,9999-12-31 23:59:59
100150,2150,DRAFT,497.17,2026-01-25,ap_clerk,2026-01-02 01:30:00,2026-01-02 05:30:00
100150,2150,SUBMITTED,497.17,2026-01-25,requestor,2026-01-02 05:30:01,2026-01-02 11:30:01
100150,2150,APPROVED,500.13,2026-01-25,manager,2026-01-02 11:30:02,2026-01-02 16:30:02
100150,2150,POSTED,500.13,2026-01-25,ap_batch,2026-01-02 16:30:03,2026-01-03 16:30:03
100150,2150,CANCELED,500.13,2026-01-25,ap_manager,2026-01-03 16:30:04,9999-12-31 23:59:59
100151,2151,DRAFT,519.36,2026-01-26,ap_clerk,2026-01-02 01:37:00,2026-01-02 05:37:00
100151,2151,SUBMITTED,519.36,2026-01-26,requestor,2026-01-02 05:37:01,2026-01-02 11:37:01
100151,2151,APPROVED,522.48,2026-01-26,manager,2026-01-02 11:37:02,2026-01-02 16:37:02
100151,2151,POSTED,522.48,2026-01-26,ap_batch,2026-01-02 16:37:03,2026-01-03 16:37:03
100151,2151,PAID,522.48,2026-01-26,treasury,2026-01-03 16:37:04,9999-12-31 23:59:59
100152,2152,DRAFT,529.81,2026-01-27,ap_clerk,2026-01-02 01:44:00,2026-01-02 05:44:00
100152,2152,SUBMITTED,529.81,2026-01-27,requestor,2026-01-02 05:44:01,2026-01-02 11:44:01
100152,2152,APPROVED,530.88,2026-01-27,manager,2026-01-02 11:44:02,2026-01-02 16:44:02
100152,2152,POSTED,530.88,2026-01-27,ap_batch,2026-01-02 16:44:03,2026-01-03 16:44:03
100152,2152,PAID,530.88,2026-01-27,treasury,2026-01-03 16:44:04,9999-12-31 23:59:59
100153,2153,DRAFT,156.86,2026-01-28,ap_clerk,2026-01-02 01:51:00,2026-01-02 05:51:00
100153,2153,SUBMITTED,156.86,2026-01-28,requestor,2026-01-02 05:51:01,2026-01-02 11:51:01
100153,2153,APPROVED,161.41,2026-01-28,manager,2026-01-02 11:51:02,2026-01-02 16:51:02
100153,2153,POSTED,161.41,2026-01-28,ap_batch,2026-01-02 16:51:03,2026-01-03 16:51:03
100153,2153,PAID,161.41,2026-01-28,treasury,2026-01-03 16:51:04,9999-12-31 23:59:59
100154,2154,DRAFT,189.63,2026-01-29,ap_clerk,2026-01-02 01:58:00,2026-01-02 05:58:00
100154,2154,SUBMITTED,189.63,2026-01-29,requestor,2026-01-02 05:58:01,2026-01-02 11:58:01
100154,2154,APPROVED,194.00,2026-01-29,manager,2026-01-02 11:58:02,2026-01-02 16:58:02
100154,2154,POSTED,194.00,2026-01-29,ap_batch,2026-01-02 16:58:03,2026-01-03 16:58:03
100154,2154,PAID,194.00,2026-01-29,treasury,2026-01-03 16:58:04,9999-12-31 23:59:59
100155,2155,DRAFT,215.08,2026-01-30,ap_clerk,2026-01-02 02:05:00,2026-01-02 06:05:00
100155,2155,SUBMITTED,215.08,2026-01-30,requestor,2026-01-02 06:05:01,2026-01-02 12:05:01
100155,2155,APPROVED,216.53,2026-01-30,manager,2026-01-02 12:05:02,2026-01-02 17:05:02
100155,2155,POSTED,216.53,2026-01-30,ap_batch,2026-01-02 17:05:03,2026-01-03 17:05:03
100155,2155,PAID,216.53,2026-01-30,treasury,2026-01-03 17:05:04,9999-12-31 23:59:59
100156,2156,DRAFT,226.24,2026-01-31,ap_clerk,2026-01-02 02:12:00,2026-01-02 06:12:00
100156,2156,SUBMITTED,226.24,2026-01-31,requestor,2026-01-02 06:12:01,2026-01-02 12:12:01
100156,2156,APPROVED,227.20,2026-01-31,manager,2026-01-02 12:12:02,2026-01-02 17:12:02
100156,2156,POSTED,227.20,2026-01-31,ap_batch,2026-01-02 17:12:03,2026-01-03 17:12:03
100156,2156,CANCELED,227.20,2026-01-31,ap_manager,2026-01-03 17:12:04,9999-12-31 23:59:59
100157,2157,DRAFT,259.82,2026-02-01,ap_clerk,2026-01-02 02:19:00,2026-01-02 06:19:00
100157,2157,SUBMITTED,259.82,2026-02-01,requestor,2026-01-02 06:19:01,2026-01-02 12:19:01
100157,2157,APPROVED,264.30,2026-02-01,manager,2026-01-02 12:19:02,2026-01-02 17:19:02
100157,2157,POSTED,264.30,2026-02-01,ap_batch,2026-01-02 17:19:03,2026-01-03 17:19:03
100157,2157,PAID,264.30,2026-02-01,treasury,2026-01-03 17:19:04,9999-12-31 23:59:59
100158,2158,DRAFT,276.22,2026-02-02,ap_clerk,2026-01-02 02:26:00,2026-01-02 06:26:00
100158,2158,SUBMITTED,276.22,2026-02-02,requestor,2026-01-02 06:26:01,2026-01-02 12:26:01
100158,2158,APPROVED,279.51,2026-02-02,manager,2026-01-02 12:26:02,2026-01-02 17:26:02
100158,2158,POSTED,279.51,2026-02-02,ap_batch,2026-01-02 17:26:03,2026-01-03 17:26:03
100158,2158,PAID,279.51,2026-02-02,treasury,2026-01-03 17:26:04,9999-12-31 23:59:59
100159,2159,DRAFT,294.94,2026-02-03,ap_clerk,2026-01-02 02:33:00,2026-01-02 06:33:00
100159,2159,SUBMITTED,294.94,2026-02-03,requestor,2026-01-02 06:33:01,2026-01-02 12:33:01
100159,2159,APPROVED,299.62,2026-02-03,manager,2026-01-02 12:33:02,2026-01-02 17:33:02
100159,2159,POSTED,299.62,2026-02-03,ap_batch,2026-01-02 17:33:03,2026-01-03 17:33:03
100159,2159,PAID,299.62,2026-02-03,treasury,2026-01-03 17:33:04,9999-12-31 23:59:59
100160,2160,DRAFT,331.93,2026-02-04,ap_clerk,2026-01-02 02:40:00,2026-01-02 06:40:00
100160,2160,SUBMITTED,331.93,2026-02-04,requestor,2026-01-02 06:40:01,2026-01-02 12:40:01
100160,2160,APPROVED,336.82,2026-02-04,manager,2026-01-02 12:40:02,2026-01-02 17:40:02
100160,2160,POSTED,336.82,2026-02-04,ap_batch,2026-01-02 17:40:03,2026-01-03 17:40:03
100160,2160,PAID,336.82,2026-02-04,treasury,2026-01-03 17:40:04,9999-12-31 23:59:59
100161,2161,DRAFT,354.40,2026-02-05,ap_clerk,2026-01-02 02:47:00,2026-01-02 06:47:00
100161,2161,SUBMITTED,354.40,2026-02-05,requestor,2026-01-02 06:47:01,2026-01-02 12:47:01
100161,2161,APPROVED,358.87,2026-02-05,manager,2026-01-02 12:47:02,2026-01-02 17:47:02
100161,2161,POSTED,358.87,2026-02-05,ap_batch,2026-01-02 17:47:03,2026-01-03 17:47:03
100161,2161,PAID,358.87,2026-02-05,treasury,2026-01-03 17:47:04,9999-12-31 23:59:59
100162,2162,DRAFT,362.97,2026-02-06,ap_clerk,2026-01-02 02:54:00,2026-01-02 06:54:00
100162,2162,SUBMITTED,362.97,2026-02-06,requestor,2026-01-02 06:54:01,2026-01-02 12:54:01
100162,2162,APPROVED,366.78,2026-02-06,manager,2026-01-02 12:54:02,2026-01-02 17:54:02
100162,2162,POSTED,366.78,2026-02-06,ap_batch,2026-01-02 17:54:03,2026-01-03 17:54:03
100162,2162,CANCELED,366.78,2026-02-06,ap_manager,2026-01-03 17:54:04,9999-12-31 23:59:59
100163,2163,DRAFT,392.31,2026-02-07,ap_clerk,2026-01-02 03:01:00,2026-01-02 07:01:00
100163,2163,SUBMITTED,392.31,2026-02-07,requestor,2026-01-02 07:01:01,2026-01-02 13:01:01
100163,2163,APPROVED,397.00,2026-02-07,manager,2026-01-02 13:01:02,2026-01-02 18:01:02
100163,2163,POSTED,397.00,2026-02-07,ap_batch,2026-01-02 18:01:03,2026-01-03 18:01:03
100163,2163,PAID,397.00,2026-02-07,treasury,2026-01-03 18:01:04,9999-12-31 23:59:59
100164,2164,DRAFT,424.74,2026-02-08,ap_clerk,2026-01-02 03:08:00,2026-01-02 07:08:00
100164,2164,SUBMITTED,424.74,2026-02-08,requestor,2026-01-02 07:08:01,2026-01-02 13:08:01
100164,2164,APPROVED,429.13,2026-02-08,manager,2026-01-02 13:08:02,2026-01-02 18:08:02
100164,2164,POSTED,429.13,2026-02-08,ap_batch,2026-01-02 18:08:03,2026-01-03 18:08:03
100164,2164,PAID,429.13,2026-02-08,treasury,2026-01-03 18:08:04,9999-12-31 23:59:59
100165,2165,DRAFT,448.40,2026-02-09,ap_clerk,2026-01-02 03:15:00,2026-01-02 07:15:00
100165,2165,SUBMITTED,448.40,2026-02-09,requestor,2026-01-02 07:15:01,2026-01-02 13:15:01
100165,2165,APPROVED,450.10,2026-02-09,manager,2026-01-02 13:15:02,2026-01-02 18:15:02
100165,2165,POSTED,450.10,2026-02-09,ap_batch,2026-01-02 18:15:03,2026-01-03 18:15:03
100165,2165,PAID,450.10,2026-02-09,treasury,2026-01-03 18:15:04,9999-12-31 23:59:59
100166,2166,DRAFT,471.46,2026-02-10,ap_clerk,2026-01-02 03:22:00,2026-01-02 07:22:00
100166,2166,SUBMITTED,471.46,2026-02-10,requestor,2026-01-02 07:22:01,2026-01-02 13:22:01
100166,2166,APPROVED,472.45,2026-02-10,manager,2026-01-02 13:22:02,2026-01-02 18:22:02
100166,2166,POSTED,472.45,2026-02-10,ap_batch,2026-01-02 18:22:03,2026-01-03 18:22:03
100166,2166,PAID,472.45,2026-02-10,treasury,2026-01-03 18:22:04,9999-12-31 23:59:59
100167,2167,DRAFT,496.57,2026-02-11,ap_clerk,2026-01-02 03:29:00,2026-01-02 07:29:00
100167,2167,SUBMITTED,496.57,2026-02-11,requestor,2026-01-02 07:29:01,2026-01-02 13:29:01
100167,2167,APPROVED,500.93,2026-02-11,manager,2026-01-02 13:29:02,2026-01-02 18:29:02
100167,2167,POSTED,500.93,2026-02-11,ap_batch,2026-01-02 18:29:03,2026-01-03 18:29:03
100167,2167,PAID,500.93,2026-02-11,treasury,2026-01-03 18:29:04,9999-12-31 23:59:59
100168,2168,DRAFT,507.73,2026-01-15,ap_clerk,2026-01-02 03:36:00,2026-01-02 07:36:00
100168,2168,SUBMITTED,507.73,2026-01-15,requestor,2026-01-02 07:36:01,2026-01-02 13:36:01
100168,2168,APPROVED,511.90,2026-01-15,manager,2026-01-02 13:36:02,2026-01-02 18:36:02
100168,2168,POSTED,511.90,2026-01-15,ap_batch,2026-01-02 18:36:03,2026-01-03 18:36:03
100168,2168,CANCELED,511.90,2026-01-15,ap_manager,2026-01-03 18:36:04,9999-12-31 23:59:59
100169,2169,DRAFT,535.75,2026-01-16,ap_clerk,2026-01-02 03:43:00,2026-01-02 07:43:00
100169,2169,SUBMITTED,535.75,2026-01-16,requestor,2026-01-02 07:43:01,2026-01-02 13:43:01
100169,2169,APPROVED,537.62,2026-01-16,manager,2026-01-02 13:43:02,2026-01-02 18:43:02
100169,2169,POSTED,537.62,2026-01-16,ap_batch,2026-01-02 18:43:03,2026-01-03 18:43:03
100169,2169,PAID,537.62,2026-01-16,treasury,2026-01-03 18:43:04,9999-12-31 23:59:59
100170,2170,DRAFT,166.11,2026-01-17,ap_clerk,2026-01-02 03:50:00,2026-01-02 07:50:00
100170,2170,SUBMITTED,166.11,2026-01-17,requestor,2026-01-02 07:50:01,2026-01-02 13:50:01
100170,2170,APPROVED,167.63,2026-01-17,manager,2026-01-02 13:50:02,2026-01-02 18:50:02
100170,2170,POSTED,167.63,2026-01-17,ap_batch,2026-01-02 18:50:03,2026-01-03 18:50:03
100170,2170,PAID,167.63,2026-01-17,treasury,2026-01-03 18:50:04,9999-12-31 23:59:59
100171,2171,DRAFT,174.95,2026-01-18,ap_clerk,2026-01-02 03:57:00,2026-01-02 07:57:00
100171,2171,SUBMITTED,174.95,2026-01-18,requestor,2026-01-02 07:57:01,2026-01-02 13:57:01
100171,2171,APPROVED,176.32,2026-01-18,manager,2026-01-02 13:57:02,2026-01-02 18:57:02
100171,2171,POSTED,176.32,2026-01-18,ap_batch,2026-01-02 18:57:03,2026-01-03 18:57:03
100171,2171,PAID,176.32,2026-01-18,treasury,2026-01-03 18:57:04,9999-12-31 23:59:59
100172,2172,DRAFT,204.24,2026-01-19,ap_clerk,2026-01-02 04:04:00,2026-01-02 08:04:00
100172,2172,SUBMITTED,204.24,2026-01-19,requestor,2026-01-02 08:04:01,2026-01-02 14:04:01
100172,2172,APPROVED,208.63,2026-01-19,manager,2026-01-02 14:04:02,2026-01-02 19:04:02
100172,2172,POSTED,208.63,2026-01-19,ap_batch,2026-01-02 19:04:03,2026-01-03 19:04:03
100172,2172,PAID,208.63,2026-01-19,treasury,2026-01-03 19:04:04,9999-12-31 23:59:59
100173,2173,DRAFT,239.87,2026-01-20,ap_clerk,2026-01-02 04:11:00,2026-01-02 08:11:00
100173,2173,SUBMITTED,239.87,2026-01-20,requestor,2026-01-02 08:11:01,2026-01-02 14:11:01
100173,2173,APPROVED,241.63,2026-01-20,manager,2026-01-02 14:11:02,2026-01-02 19:11:02
100173,2173,POSTED,241.63,2026-01-20,ap_batch,2026-01-02 19:11:03,2026-01-03 19:11:03
100173,2173,PAID,241.63,2026-01-20,treasury,2026-01-03 19:11:04,9999-12-31 23:59:59
100174,2174,DRAFT,257.19,2026-01-21,ap_clerk,2026-01-02 04:18:00,2026-01-02 08:18:00
100174,2174,SUBMITTED,257.19,2026-01-21,requestor,2026-01-02 08:18:01,2026-01-02 14:18:01
100174,2174,APPROVED,259.49,2026-01-21,manager,2026-01-02 14:18:02,2026-01-02 19:18:02
100174,2174,POSTED,259.49,2026-01-21,ap_batch,2026-01-02 19:18:03,2026-01-03 19:18:03
100174,2174,CANCELED,259.49,2026-01-21,ap_manager,2026-01-03 19:18:04,9999-12-31 23:59:59
100175,2175,DRAFT,287.14,2026-01-22,ap_clerk,2026-01-02 04:25:00,2026-01-02 08:25:00
100175,2175,SUBMITTED,287.14,2026-01-22,requestor,2026-01-02 08:25:01,2026-01-02 14:25:01
100175,2175,APPROVED,290.05,2026-01-22,manager,2026-01-02 14:25:02,2026-01-02 19:25:02
100175,2175,POSTED,290.05,2026-01-22,ap_batch,2026-01-02 19:25:03,2026-01-03 19:25:03
100175,2175,PAID,290.05,2026-01-22,treasury,2026-01-03 19:25:04,9999-12-31 23:59:59
100176,2176,DRAFT,309.85,2026-01-23,ap_clerk,2026-01-02 04:32:00,2026-01-02 08:32:00
100176,2176,SUBMITTED,309.85,2026-01-23,requestor,2026-01-02 08:32:01,2026-01-02 14:32:01
100176,2176,APPROVED,310.87,2026-01-23,manager,2026-01-02 14:32:02,2026-01-02 19:32:02
100176,2176,POSTED,310.87,2026-01-23,ap_batch,2026-01-02 19:32:03,2026-01-03 19:32:03
100176,2176,PAID,310.87,2026-01-23,treasury,2026-01-03 19:32:04,9999-12-31 23:59:59
100177,2177,DRAFT,333.94,2026-01-24,ap_clerk,2026-01-02 04:39:00,2026-01-02 08:39:00
100177,2177,SUBMITTED,333.94,2026-01-24,requestor,2026-01-02 08:39:01,2026-01-02 14:39:01
100177,2177,APPROVED,335.24,2026-01-24,manager,2026-01-02 14:39:02,2026-01-02 19:39:02
100177,2177,POSTED,335.24,2026-01-24,ap_batch,2026-01-02 19:39:03,2026-01-03 19:39:03
100177,2177,PAID,335.24,2026-01-24,treasury,2026-01-03 19:39:04,9999-12-31 23:59:59
100178,2178,DRAFT,357.29,2026-01-25,ap_clerk,2026-01-02 04:46:00,2026-01-02 08:46:00
100178,2178,SUBMITTED,357.29,2026-01-25,requestor,2026-01-02 08:46:01,2026-01-02 14:46:01
100178,2178,APPROVED,358.98,2026-01-25,manager,2026-01-02 14:46:02,2026-01-02 19:46:02
100178,2178,POSTED,358.98,2026-01-25,ap_batch,2026-01-02 19:46:03,2026-01-03 19:46:03
100178,2178,PAID,358.98,2026-01-25,treasury,2026-01-03 19:46:04,9999-12-31 23:59:59
100179,2179,DRAFT,364.56,2026-01-26,ap_clerk,2026-01-02 04:53:00,2026-01-02 08:53:00
100179,2179,SUBMITTED,364.56,2026-01-26,requestor,2026-01-02 08:53:01,2026-01-02 14:53:01
100179,2179,APPROVED,367.02,2026-01-26,manager,2026-01-02 14:53:02,2026-01-02 19:53:02
100179,2179,POSTED,367.02,2026-01-26,ap_batch,2026-01-02 19:53:03,2026-01-03 19:53:03
100179,2179,PAID,367.02,2026-01-26,treasury,2026-01-03 19:53:04,9999-12-31 23:59:59
100180,2180,DRAFT,399.84,2026-01-27,ap_clerk,2026-01-02 05:00:00,2026-01-02 09:00:00
100180,2180,SUBMITTED,399.84,2026-01-27,requestor,2026-01-02 09:00:01,2026-01-02 15:00:01
100180,2180,APPROVED,401.75,2026-01-27,manager,2026-01-02 15:00:02,2026-01-02 20:00:02
100180,2180,POSTED,401.75,2026-01-27,ap_batch,2026-01-02 20:00:03,2026-01-03 20:00:03
100180,2180,CANCELED,401.75,2026-01-27,ap_manager,2026-01-03 20:00:04,9999-12-31 23:59:59
100181,2181,DRAFT,421.02,2026-01-28,ap_clerk,2026-01-02 05:07:00,2026-01-02 09:07:00
100181,2181,SUBMITTED,421.02,2026-01-28,requestor,2026-01-02 09:07:01,2026-01-02 15:07:01
100181,2181,APPROVED,423.82,2026-01-28,manager,2026-01-02 15:07:02,2026-01-02 20:07:02
100181,2181,POSTED,423.82,2026-01-28,ap_batch,2026-01-02 20:07:03,2026-01-03 20:07:03
100181,2181,PAID,423.82,2026-01-28,treasury,2026-01-03 20:07:04,9999-12-31 23:59:59
100182,2182,DRAFT,440.32,2026-01-29,ap_clerk,2026-01-02 05:14:00,2026-01-02 09:14:00
100182,2182,SUBMITTED,440.32,2026-01-29,requestor,2026-01-02 09:14:01,2026-01-02 15:14:01
100182,2182,APPROVED,443.41,2026-01-29,manager,2026-01-02 15:14:02,2026-01-02 20:14:02
100182,2182,POSTED,443.41,2026-01-29,ap_batch,2026-01-02 20:14:03,2026-01-03 20:14:03
100182,2182,PAID,443.41,2026-01-29,treasury,2026-01-03 20:14:04,9999-12-31 23:59:59
100183,2183,DRAFT,461.34,2026-01-30,ap_clerk,2026-01-02 05:21:00,2026-01-02 09:21:00
100183,2183,SUBMITTED,461.34,2026-01-30,requestor,2026-01-02 09:21:01,2026-01-02 15:21:01
100183,2183,APPROVED,465.03,2026-01-30,manager,2026-01-02 15:21:02,2026-01-02 20:21:02
100183,2183,POSTED,465.03,2026-01-30,ap_batch,2026-01-02 20:21:03,2026-01-03 20:21:03
100183,2183,PAID,465.03,2026-01-30,treasury,2026-01-03 20:21:04,9999-12-31 23:59:59
100184,2184,DRAFT,480.03,2026-01-31,ap_clerk,2026-01-02 05:28:00,2026-01-02 09:28:00
100184,2184,SUBMITTED,480.03,2026-01-31,requestor,2026-01-02 09:28:01,2026-01-02 15:28:01
100184,2184,APPROVED,484.70,2026-01-31,manager,2026-01-02 15:28:02,2026-01-02 20:28:02
100184,2184,POSTED,484.70,2026-01-31,ap_batch,2026-01-02 20:28:03,2026-01-03 20:28:03
100184,2184,PAID,484.70,2026-01-31,treasury,2026-01-03 20:28:04,9999-12-31 23:59:59
100185,2185,DRAFT,513.73,2026-02-01,ap_clerk,2026-01-02 05:35:00,2026-01-02 09:35:00
100185,2185,SUBMITTED,513.73,2026-02-01,requestor,2026-01-02 09:35:01,2026-01-02 15:35:01
100185,2185,APPROVED,517.47,2026-02-01,manager,2026-01-02 15:35:02,2026-01-02 20:35:02
100185,2185,POSTED,517.47,2026-02-01,ap_batch,2026-01-02 20:35:03,2026-01-03 20:35:03
100185,2185,PAID,517.47,2026-02-01,treasury,2026-01-03 20:35:04,9999-12-31 23:59:59
100186,2186,DRAFT,541.10,2026-02-02,ap_clerk,2026-01-02 05:42:00,2026-01-02 09:42:00
100186,2186,SUBMITTED,541.10,2026-02-02,requestor,2026-01-02 09:42:01,2026-01-02 15:42:01
100186,2186,APPROVED,544.62,2026-02-02,manager,2026-01-02 15:42:02,2026-01-02 20:42:02
100186,2186,POSTED,544.62,2026-02-02,ap_batch,2026-01-02 20:42:03,2026-01-03 20:42:03
100186,2186,CANCELED,544.62,2026-02-02,ap_manager,2026-01-03 20:42:04,9999-12-31 23:59:59
100187,2187,DRAFT,157.92,2026-02-03,ap_clerk,2026-01-02 05:49:00,2026-01-02 09:49:00
100187,2187,SUBMITTED,157.92,2026-02-03,requestor,2026-01-02 09:49:01,2026-01-02 15:49:01
100187,2187,APPROVED,158.73,2026-02-03,manager,2026-01-02 15:49:02,2026-01-02 20:49:02
100187,2187,POSTED,158.73,2026-02-03,ap_batch,2026-01-02 20:49:03,2026-01-03 20:49:03
100187,2187,PAID,158.73,2026-02-03,treasury,2026-01-03 20:49:04,9999-12-31 23:59:59
100188,2188,DRAFT,187.12,2026-02-04,ap_clerk,2026-01-02 05:56:00,2026-01-02 09:56:00
100188,2188,SUBMITTED,187.12,2026-02-04,requestor,2026-01-02 09:56:01,2026-01-02 15:56:01
100188,2188,APPROVED,189.11,2026-02-04,manager,2026-01-02 15:56:02,2026-01-02 20:56:02
100188,2188,POSTED,189.11,2026-02-04,ap_batch,2026-01-02 20:56:03,2026-01-03 20:56:03
100188,2188,PAID,189.11,2026-02-04,treasury,2026-01-03 20:56:04,9999-12-31 23:59:59
100189,2189,DRAFT,203.96,2026-02-05,ap_clerk,2026-01-02 06:03:00,2026-01-02 10:03:00
100189,2189,SUBMITTED,203.96,2026-02-05,requestor,2026-01-02 10:03:01,2026-01-02 16:03:01
100189,2189,APPROVED,208.28,2026-02-05,manager,2026-01-02 16:03:02,2026-01-02 21:03:02
100189,2189,POSTED,208.28,2026-02-05,ap_batch,2026-01-02 21:03:03,2026-01-03 21:03:03
100189,2189,PAID,208.28,2026-02-05,treasury,2026-01-03 21:03:04,9999-12-31 23:59:59
100190,2190,DRAFT,235.18,2026-02-06,ap_clerk,2026-01-02 06:10:00,2026-01-02 10:10:00
100190,2190,SUBMITTED,235.18,2026-02-06,requestor,2026-01-02 10:10:01,2026-01-02 16:10:01
100190,2190,APPROVED,237.03,2026-02-06,manager,2026-01-02 16:10:02,2026-01-02 21:10:02
100190,2190,POSTED,237.03,2026-02-06,ap_batch,2026-01-02 21:10:03,2026-01-03 21:10:03
100190,2190,PAID,237.03,2026-02-06,treasury,2026-01-03 21:10:04,9999-12-31 23:59:59
100191,2191,DRAFT,250.88,2026-02-07,ap_clerk,2026-01-02 06:17:00,2026-01-02 10:17:00
100191,2191,SUBMITTED,250.88,2026-02-07,requestor,2026-01-02 10:17:01,2026-01-02 16:17:01
100191,2191,APPROVED,253.22,2026-02-07,manager,2026-01-02 16:17:02,2026-01-02 21:17:02
100191,2191,POSTED,253.22,2026-02-07,ap_batch,2026-01-02 21:17:03,2026-01-03 21:17:03
100191,2191,PAID,253.22,2026-02-07,treasury,2026-01-03 21:17:04,9999-12-31 23:59:59
100192,2192,DRAFT,276.15,2026-02-08,ap_clerk,2026-01-02 06:24:00,2026-01-02 10:24:00
100192,2192,SUBMITTED,276.15,2026-02-08,requestor,2026-01-02 10:24:01,2026-01-02 16:24:01
100192,2192,APPROVED,277.98,2026-02-08,manager,2026-01-02 16:24:02,2026-01-02 21:24:02
100192,2192,POSTED,277.98,2026-02-08,ap_batch,2026-01-02 21:24:03,2026-01-03 21:24:03
100192,2192,CANCELED,277.98,2026-02-08,ap_manager,2026-01-03 21:24:04,9999-12-31 23:59:59
100193,2193,DRAFT,294.42,2026-02-09,ap_clerk,2026-01-02 06:31:00,2026-01-02 10:31:00
100193,2193,SUBMITTED,294.42,2026-02-09,requestor,2026-01-02 10:31:01,2026-01-02 16:31:01
100193,2193,APPROVED,296.81,2026-02-09,manager,2026-01-02 16:31:02,2026-01-02 21:31:02
100193,2193,POSTED,296.81,2026-02-09,ap_batch,2026-01-02 21:31:03,2026-01-03 21:31:03
100193,2193,PAID,296.81,2026-02-09,treasury,2026-01-03 21:31:04,9999-12-31 23:59:59
100194,2194,DRAFT,333.37,2026-02-10,ap_clerk,2026-01-02 06:38:00,2026-01-02 10:38:00
100194,2194,SUBMITTED,333.37,2026-02-10,requestor,2026-01-02 10:38:01,2026-01-02 16:38:01
100194,2194,APPROVED,336.92,2026-02-10,manager,2026-01-02 16:38:02,2026-01-02 21:38:02
100194,2194,POSTED,336.92,2026-02-10,ap_batch,2026-01-02 21:38:03,2026-01-03 21:38:03
100194,2194,PAID,336.92,2026-02-10,treasury,2026-01-03 21:38:04,9999-12-31 23:59:59
100195,2195,DRAFT,356.15,2026-02-11,ap_clerk,2026-01-02 06:45:00,2026-01-02 10:45:00
100195,2195,SUBMITTED,356.15,2026-02-11,requestor,2026-01-02 10:45:01,2026-01-02 16:45:01
100195,2195,APPROVED,359.42,2026-02-11,manager,2026-01-02 16:45:02,2026-01-02 21:45:02
100195,2195,POSTED,359.42,2026-02-11,ap_batch,2026-01-02 21:45:03,2026-01-03 21:45:03
100195,2195,PAID,359.42,2026-02-11,treasury,2026-01-03 21:45:04,9999-12-31 23:59:59
100196,2196,DRAFT,368.22,2026-01-15,ap_clerk,2026-01-02 06:52:00,2026-01-02 10:52:00
100196,2196,SUBMITTED,368.22,2026-01-15,requestor,2026-01-02 10:52:01,2026-01-02 16:52:01
100196,2196,APPROVED,371.19,2026-01-15,manager,2026-01-02 16:52:02,2026-01-02 21:52:02
100196,2196,POSTED,371.19,2026-01-15,ap_batch,2026-01-02 21:52:03,2026-01-03 21:52:03
100196,2196,PAID,371.19,2026-01-15,treasury,2026-01-03 21:52:04,9999-12-31 23:59:59
100197,2197,DRAFT,386.01,2026-01-16,ap_clerk,2026-01-02 06:59:00,2026-01-02 10:59:00
100197,2197,SUBMITTED,386.01,2026-01-16,requestor,2026-01-02 10:59:01,2026-01-02 16:59:01
100197,2197,APPROVED,387.80,2026-01-16,manager,2026-01-02 16:59:02,2026-01-02 21:59:02
100197,2197,POSTED,387.80,2026-01-16,ap_batch,2026-01-02 21:59:03,2026-01-03 21:59:03
100197,2197,PAID,387.80,2026-01-16,treasury,2026-01-03 21:59:04,9999-12-31 23:59:59
100198,2198,DRAFT,417.67,2026-01-17,ap_clerk,2026-01-02 07:06:00,2026-01-02 11:06:00
100198,2198,SUBMITTED,417.67,2026-01-17,requestor,2026-01-02 11:06:01,2026-01-02 17:06:01
100198,2198,APPROVED,420.78,2026-01-17,manager,2026-01-02 17:06:02,2026-01-02 22:06:02
100198,2198,POSTED,420.78,2026-01-17,ap_batch,2026-01-02 22:06:03,2026-01-03 22:06:03
100198,2198,CANCELED,420.78,2026-01-17,ap_manager,2026-01-03 22:06:04,9999-12-31 23:59:59
100199,2199,DRAFT,445.44,2026-01-18,ap_clerk,2026-01-02 07:13:00,2026-01-02 11:13:00
100199,2199,SUBMITTED,445.44,2026-01-18,requestor,2026-01-02 11:13:01,2026-01-02 17:13:01
100199,2199,APPROVED,448.03,2026-01-18,manager,2026-01-02 17:13:02,2026-01-02 22:13:02
100199,2199,POSTED,448.03,2026-01-18,ap_batch,2026-01-02 22:13:03,2026-01-03 22:13:03
100199,2199,PAID,448.03,2026-01-18,treasury,2026-01-03 22:13:04,9999-12-31 23:59:59
