FirstName,SummedNetWorth
Shany,720464.03
Horace,1658108.01
Ellen,3.99
Beryl,242.50
Nadia,13412.71
Theresia,120859.72
Elna,130946.57
Priscilla,0.87
Judge,647.56
Mazie,14.80
Yoshiko,8125961.60
Ida,225524.33
Richard,3951.01
Dalton,3706162.80
Emmet,2236393.34
Virginie,5884960.10
Royce,24637.33
Amani,715980.67
Giovanna,8856978.40
Shanel,567.00
Carey,69164.12
Crystel,3214083.36
Mekhi,7410845.36
Muhammad,999918.93
Keara,12205.69
Joannie,8896407.51
Orland,8945675.76
Pearl,445454.61
Demarcus,61.45
Abby,2043467.45
Enid,676146.29
Conrad,5863736.91
Lulu,16880485.93
Freeman,16711.12
Fredy,8014072.88
Jevon,46319.12
Jordi,3592194.99
Luther,700761.40
Myron,195238.79
Maryam,170237.66
Raul,980885.13
Lisa,137270.48
Margaret,70068.46
Sandra,1812.91
Keely,99366.40
Marcella,794779.77
Monty,0.50
Fletcher,568647.00
Ila,17931.14
Russ,7835030.03
Lexie,9735.97
Flossie,89673.29
Everett,193523.66
Jadyn,805.31
Tristin,4202390.50
Talon,52.46
Maegan,2897.10
Curt,94292.12
Abbey,779669.84
Petra,66878.60
Evan,12484.58
Ryann,5895632.48
Dean,81575.15
Toy,358818.84
Yolanda,99.60
Marian,5794822.87
Herminia,11384.09
Felicita,950873.24
Emile,8478984.72
Karson,7050908.90
Dion,15.55
Sally,276652.86
Stephon,84.40
Alva,2228770.56
Jamir,1184.88
Eddie,6816098.82
Jackson,617.60
Eulalia,54.64
Chelsie,14024.26
Norris,2336567.50
Clemens,2927602.60
Brain,23500871.60
Bria,89523.11
Laurie,6.60
Mario,8142.67
Gerda,73248.25
Brycen,892180.38
Reese,19058.97
Bertram,8758350.20
Ransom,10531939.43
Floyd,595.55
Ludie,0.12
Donnie,12.58
Hilton,86.96
Claudine,828280.66
Cali,1034798.08
Eladio,1639488.90
Colleen,81737.28
Claire,3848766.53
Justine,9495230.63
Dan,22381.70
Sigrid,26735.94
Zelda,6348877.33
Ignatius,630727.34
Violet,3979.49
Ernestine,559095.81
Cornell,6.10
Corrine,396285.09
Katlyn,7845.40
Tressie,10853.49
Armani,4070611.39
Cheyanne,865891.33
Baylee,246497.84
Cooper,265121.47
Kristy,555467.66
Neil,223527.19
Lisette,10435514.12
Felipe,2146692.98
Elva,5411125.17
Luigi,9585015.37
Darby,706443.48
Tiana,239.23
Barrett,90007.39
Caroline,56.55
Delphia,961509.21
Celia,28598.27
Vada,599.83
Jennyfer,0.40
Ada,7034785.92
Ariel,3087894.57
Josh,8134247.20
Amira,97.47
Greta,5851577.53
Adrianna,406849.72
Lenore,69.16
Marilie,57.00
Summer,1126673.82
Joseph,2228985.67
Jamil,752479.10
Amanda,11286072.67
Emmitt,204591.66
Aliza,3156486.39
Cleta,95.12
Helmer,3027784.89
Audra,7326.97
Haylee,1396289.11
Karlie,633.70
Kaelyn,220.11
Earlene,9604757.23
Adolfo,3505.96
Earnest,9796.06
Gayle,5.60
Hilma,9055042.10
Terrill,88.99
Lourdes,9995691.99
Jermaine,269828.67
Jonas,86670.34
Delbert,4876.34
Cortez,683620.40
Hellen,949447.90
Gretchen,636.21
Gregoria,1278252.50
Lyla,535524.77
Rosina,1539567.65
Guy,863213.68
Arch,83281.95
Celestino,4631598.73
Anne,2285.07
Hilbert,681269.35
Estell,6384321.94
Adelle,3787.99
Nicolas,634243.42
Emory,6125014.58
Mable,4391.55
Ruth,3671382.67
Angeline,5225.25
Josiane,35233.59
Lelah,5623593.75
Tremayne,2122092.55
Forrest,63394.18
Esta,506477.91
Abraham,7364498.96
Carolyne,15168.90
Al,90732.25
Mike,2772263.04
Amaya,4304133.68
Emmanuel,171608.58
Carlo,5979985.23
Zakary,203738.79
Ari,64836.02
Burdette,486576.55
Edyth,956700.18
Hobart,628274.96
Isabelle,953.70
Lukas,929.85
Mabel,11174912.52
May,696426.54
Vergie,7951.92
Karlee,2761774.64
Darron,9970063.08
Jimmie,129927.72
Abe,216182.07
Micaela,35420.76
Emily,360821.09
Justyn,93609.12
Nat,49764.69
Presley,4382.15
Greg,8897783.38
Jerad,1482450.08
Casandra,0.54
Joanne,8561412.20
Ignacio,753.97
Alexis,2219622.49
Deonte,2553592.78
Triston,387.60
Austyn,98369.20
Hayley,358.00
Breanna,94527.53
Ford,313.54
Zoey,9822984.90
Euna,1857299.88
Stanton,5798755.44
Lyda,6418562.13
Connie,4054278.43
Dexter,1.67
Sunny,945653.64
Davion,137777.00
Monique,1047997.20
Dejuan,58049.80
Lizeth,260468.82
Anita,76085.28
Vinnie,965824.82
Rory,12797395.61
Murphy,98.69
Linnie,16830060.64
Ryley,632092.80
Agustina,184128.89
Jettie,85300.50
Terrance,10183.76
Kacie,726524.29
Cara,7656307.67
Bonita,805655.59
Jeramy,699.19
Shannon,1004.09
Cathryn,51060.83
Christa,10692495.92
Guido,5585.40
Amiya,5093.00
Narciso,80382.78
Bella,13038.13
Augusta,1158.95
Cynthia,4106564.72
Peggie,4182659.51
Leola,8674166.22
Raheem,7350.02
Gene,2454981.12
Elwin,5738293.21
Stanford,2.15
Dorris,3699922.30
Arnulfo,1021.65
Vidal,5037686.45
Breana,68356.63
Marcia,6146549.76
Kellie,164742.90
Travon,10294.27
Alicia,261511.95
Agnes,69.88
Leonie,0.40
Maya,2984.82
Emelie,7.52
Darlene,646264.95
Celestine,9109714.30
Stuart,3.80
Theo,2684383.17
Patrick,190.52
Dale,16115.51
Kennedi,315120.24
Delta,4641586.70
Ken,67772.96
Titus,3338564.25
Margarita,162019.34
Hermina,11094513.93
Abel,874431.25
Suzanne,483331.42
Dorothea,723.20
Wilfredo,5562433.83
Vladimir,455143.85
Serenity,84456.53
Alf,711.98
Glenda,1007398.95
Javon,4807270.04
Elissa,613259.50
Zetta,321394.53
Salvador,15267.41
Megane,355060.06
Gabriel,2870.70
Paxton,9058.01
Taurean,7059296.29
Nick,7024278.83
Eliane,101.67
Howard,807827.80
Tania,362876.80
Randall,8545159.11
Howell,1238.19
Tessie,12429077.72
Malcolm,0.30
Mauricio,714185.39
Sophia,635983.62
Urban,421906.90
Kariane,5358.30
Adela,7644112.00
Zelma,130083.68
Emelia,7595997.30
Gideon,614057.44
Kamren,7925761.81
Wilmer,760.43
Bettie,3329.48
Sarah,15497455.04
Chyna,516044.26
Chaim,8070.10
Fermin,7486.77
Ronaldo,59328.49
Eusebio,142909.45
Amya,377080.80
Marcellus,7275606.87
Joaquin,37.36
Florine,10751891.50
Kadin,658846.87
Dayton,4892196.62
Lauryn,1769.97
Lester,9782572.07
Ryan,3530.00
Sammie,97.40
Keyon,9807173.83
Norval,4.90
Bradford,69642.50
Rebecca,85109.33
Rhea,729477.83
Lydia,5344.60
Arlene,5453385.63
Jeanie,31795.80
Tom,136269.52
Andreane,1377441.07
Libbie,18.78
Tyson,9073619.80
Jaron,70.90
Casper,25.36
Alfonso,99905.60
Jalon,74.00
Valentina,1627884.19
Gia,4599.00
Kurtis,105771.35
Roosevelt,10001197.50
Ilene,6771.00
Adriana,87607.79
Jessika,5545904.88
Gregg,111170.30
Hilda,30525.56
Chaya,606167.53
Jazmin,2.80
Burnice,8877791.90
Justice,32220.30
Monroe,661200.22
Ron,9704851.31
Adele,13937868.72
Juston,522.75
Kay,6676527.40
Giles,68294.71
Ross,5199795.10
Justina,6236299.70
Aurelie,46497.92
Joshuah,63947.46
Bennett,5578132.47
Zechariah,126.01
Mariano,3600449.37
Danial,45.66
Monserrate,656164.50
Fausto,244.71
Marguerite,965185.69
Bertha,802855.92
Dudley,45441.36
Dolly,288494.79
Elfrieda,7569.01
Marshall,37.90
Margarete,754847.01
Naomie,2108170.70
Mellie,6930683.70
King,672592.20
Dallas,219.57
Shanny,2174445.75
Armand,42816.13
Allie,430.87
Jabari,5999533.99
Stefan,4.35
Conor,670601.80
Freddie,933122.56
Tara,74314.40
Verlie,672525.56
Haven,5082221.40
Teresa,42.05
Candido,32.56
Bruce,443242.67
Norberto,76491.00
Meda,803.32
Dominic,7283497.80
Jaleel,6692049.72
Rebeka,10301279.59
Lorena,1287866.19
Jerry,578127.90
Edgar,2456361.11
Jessie,9836277.00
Angelo,2967392.77
Mckayla,0.40
Jazlyn,174.06
Newell,3416.10
Sierra,65465.52
Esperanza,0.70
Rodrick,9238450.29
Lorna,93.50
Betty,663776.37
Lacy,97840.65
Tobin,942921.43
Eryn,422.66
Elwyn,75854.65
Melvina,220577.50
Issac,5518591.70
Weldon,6.30
Holly,43308.55
Rusty,1845052.25
Vance,313467.09
Jennings,1491697.57
Jules,843543.74
Ceasar,3019.80
Alexandre,0.64
Cyrus,9134.47
Kailey,8464167.78
Carlotta,17041.62
Judson,95386.39
Nicolette,948465.89
Leda,13940236.48
Ryder,4081777.10
Forest,426741.38
Jacques,7745690.20
Glenna,4199776.70
Rosalinda,169471.62
Elbert,2966259.07
Alison,1738364.10
Simeon,503851.16
Trevion,861632.90
Marty,2903719.94
Luis,8960.86
Shea,631369.67
Kevin,8378936.94
Nickolas,438184.50
Hadley,9211563.60
Maudie,1520846.27
Clemmie,90.77
Tito,2922559.18
Marques,6187453.05
Jedediah,305158.21
Hassie,46.10
Maida,8566654.89
Wyman,83194.84
Nels,937.85
Ursula,4912000.81
Alessia,40.79
Darrion,61981.95
Giuseppe,1223554.69
Alexa,51.58
Lamar,6830521.80
Madelynn,832542.53
Gerald,615253.34
Marlon,91387.94
Yasmeen,1027328.16
Emil,4789.39
Toney,0.60
Brandt,8580474.21
Fabian,8678.60
Everette,622.41
Jocelyn,573.87
Neal,9094.99
Scarlett,27968.13
Dahlia,3229231.90
Maxwell,11118.47
Sonya,910204.17
Isabell,24185.80
Samson,2036.78
Therese,7.70
Selena,1182964.17
Garett,5161533.73
Abelardo,47016.88
Samir,5844186.40
Kristofer,2445175.28
Filomena,92248.62
Johan,39254.20
Myrtice,11091517.12
Annie,23062.02
Leon,6475669.08
Shaylee,586299.61
Erwin,7498.35
Royal,75.49
Kylie,8583056.55
Bennie,10089.39
Vilma,691351.98
Christy,3957650.99
Agustin,1166.09
Mavis,4496964.89
Treva,72.20
Eloy,558201.50
Marianne,3458990.97
Rosa,4563216.19
Esteban,95.80
Ardella,722483.70
Orval,14421149.76
Noemie,83371.60
Caitlyn,9793095.72
Frances,65191.96
Evert,7115.36
Jillian,422603.16
Estelle,1182264.06
Nicholas,788992.80
Leland,11678405.35
Leila,441703.13
Lynn,46.53
Eulah,7618272.59
Angus,35830.90
Misael,776641.73
Cesar,351191.66
Milton,149475.24
April,674356.24
Edd,370.80
Louvenia,359001.08
Rhianna,695393.89
Osbaldo,433909.25
Tanya,8059.08
Woodrow,33.80
Aliyah,542.45
Boyd,8452973.71
Hassan,878366.60
Louie,570.18
Kennith,6388.45
Saige,287344.54
Ayden,422.62
Hayden,48146.39
Lauren,0.60
Coby,88781.07
Cade,80245.99
Foster,3584582.70
Winnifred,5463418.09
Monte,340601.90
Felix,7.83
Laisha,458046.88
Bernita,314.40
Janie,96.16
Dedrick,1001326.22
Loren,70460.59
Amie,3884.40
Waldo,9156457.18
Edmund,151746.10
Nelle,34540.59
Austen,1610.80
Gerhard,44172.17
Dusty,348.51
Marisa,1357.70
Cloyd,10860355.13
Audrey,52337.55
Cedrick,19035.81
Jacinthe,0.47
Fabiola,5344900.20
Shayne,8161117.69
Electa,915.95
Maximillian,6840405.50
Zola,4524724.88
Jayson,79760.86
Maximillia,705991.97
Concepcion,3471873.10
Eric,174523.24
Ernie,41707.74
Joe,834869.31
Lucy,4823122.86
Aniya,10199980.72
Jayda,6836549.55
Raoul,1681.49
Garnet,8411.51
Anastasia,353.98
Princess,5168.70
Rosendo,2202.10
Hazle,15.55
Garland,16438889.88
Ardith,9772048.90
Reynold,960920.63
Cassandre,3159.13
Colton,2661.51
Tillman,8376.40
Jarrod,10219467.52
Brayan,80300.13
Sherman,3516.82
Antonia,52267.04
Jaeden,80782.63
Colt,79871.77
Anthony,7826.80
Chauncey,1986172.36
Quinn,4.47
Angel,421912.72
Demarco,1565616.37
Olaf,950236.69
Onie,90417.77
Cleora,8346263.50
Unique,4965210.12
Rosalyn,2298265.38
Kaley,4847142.15
Demetris,89585.50
Lily,1358298.04
Damon,266.72
Salma,101443.10
Carlie,528233.02
Nettie,2210681.69
Theron,10289648.03
Wayne,74133.44
Darion,0.27
Ana,7301.37
Mark,3071.10
Jessyca,76.80
Elza,13581407.88
Doris,3341057.70
Daija,491624.70
Anya,973054.42
Estrella,8127026.24
Jada,48966.09
Felton,72.36
Obie,10512511.93
Yaamir,87.51
Benton,571020.75
Addie,278.28
Veda,856100.32
Myrna,440428.56
Mallory,4301027.85
Leopoldo,6197060.04
Cullen,6686531.30
Raphael,0.40
Desmond,321256.14
Phyllis,3381485.58
Mathilde,3391234.30
Creola,888634.28
Jaquan,7.90
Genevieve,0.60
Jena,79.85
Idella,543.33
Niko,16225976.60
Andres,196985.86
Dante,579043.55
Rosalia,0.70
Vaughn,3052540.36
Jackie,195611.14
Tabitha,92217.00
Evans,2692.70
Fred,5.06
Jaylin,773.96
Marlene,19495.86
Alysa,852.30
Jalen,576.21
Conner,407958.10
Linwood,7782.70
Daron,120035.01
Orville,2154760.50
Cindy,4089059.24
Troy,74924.63
Kane,10892.03
Deshaun,26821.70
Mattie,2321779.06
Fidel,51948.64
Rosemarie,54.28
Yaatiesh,20910.34
Mustafa,15070.46
Alysson,5069733.31
Ahmad,164481.91
Taya,91961.97
Lenna,4221477.22
Nathen,44562.86
Kristian,4061.99
Aaliyah,18133.30
Idell,6938986.13
Stephan,7723486.86
Maria,66932.19
Gilberto,31.23
Walter,6766897.98
Ray,14.27
Neoma,6747.70
Ronny,85838.75
Clementine,2187556.02
Demond,68015.47
Floy,1864068.38
Gerson,178769.52
Reilly,1753910.78
Tatyana,515.31
Addison,41194.38
Maximus,7332.88
Marvin,7890724.75
Adaline,67947.59
Giovanni,738338.44
Stan,2542682.68
Candida,8748.45
Morgan,6433599.46
Kellen,43.90
Riley,1890856.36
Keon,1481529.10
Orrin,6551516.12
Macie,3893979.37
Vicenta,1511984.35
Bridget,8780700.10
Carmelo,1682527.18
Leonel,4634923.60
Bailee,7362183.20
Jamel,565789.00
Kameron,921413.48
Kelsie,8685489.89
Alberto,576662.91
Lonny,7942.01
Alexanne,523.91
Kasey,4.18
Friedrich,4.80
Guiseppe,1430.36
Isobel,468.67
Harmon,802662.62
Eldred,21986.20
John,1.06
Alfredo,4885124.39
Anibal,245403.18
Jefferey,877035.34
Gilda,13175.08
Pierre,4629905.16
Josie,6.20
Novella,10988.98
Anika,551485.23
Kian,5290787.44
Paris,75042.00
Eldora,2145418.67
Marta,15065.69
Isac,11496.36
Maximilian,947907.02
Eldridge,92.90
Linnea,865004.89
Otha,8311090.96
Zella,307227.66
Frederic,1347.79
Lucile,7601.92
Tyree,669973.50
Alek,1002.11
Hilario,1070701.00
Stanley,831209.01
Isai,798431.70
Roderick,1653041.86
Torey,5774300.41
Fae,76822.40
Jordon,0.05
Wallace,1020380.25
Vernie,70027.19
Baron,9932708.61
Wilbert,355.48
Bradly,303667.46
Nicole,2551006.88
Ezekiel,5529.23
Winona,964.44
Alisa,6805608.94
Geraldine,812949.10
Eve,3334670.40
Catherine,9497302.01
Prudence,1008529.60
Bryce,6535509.40
Max,813046.01
Reyna,3128002.89
Michaela,4.88
Aileen,1181353.60
Hubert,3099656.08
Marjorie,287288.20
Violette,61239.65
Anabelle,4964881.31
Roxane,3679561.19
Robyn,183.20
Oliver,4527188.99
Stella,9558042.53
Kamron,1947786.38
Karine,909106.16
Manuela,448862.66
Robbie,106669.90
Benedict,326961.55
Green,169710.23
Jamaal,8.61
Javonte,10165.58
Damien,0.20
Furman,3683164.88
Chadrick,91283.94
Adolphus,447105.97
Marlin,172487.59
Carrie,7397590.53
Kaia,174.47
Raphaelle,6960918.93
Lacey,573385.95
Timothy,12014.09
Webster,6744570.89
Perry,5.70
Frieda,4878941.91
Estevan,8158399.56
Kailee,1747.31
Maurice,1964536.10
Joanie,3517855.39
Lamont,222.30
Ahmed,33369.60
Johathan,13335.08
Hiram,239714.39
Aiyana,9784678.20
Lottie,2367129.62
Kirstin,24077.52
Colby,2487.19
Destinee,76465.52
Jonathon,79.60
Eleonore,930091.77
Minnie,981204.53
Jason,698200.62
Heath,3579.52
Merle,49464.82
Leatha,1610218.55
Price,611.24
Thora,75885.80
Micheal,331326.40
Stephen,1200.39
Llewellyn,439857.83
Adrain,49076.40
Fiona,5214.90
Patricia,616799.01
Gay,6419476.49
Zander,7248132.60
Merl,1871338.06
Angela,52455.00
Zula,59555.56
Carlos,79410.93
Geovanni,101577.60
Oscar,989858.16
Lucie,197278.54
Kayden,3638.62
Haleigh,10297.44
Audreanne,922351.80
Beatrice,160185.20
Dylan,2332787.21
Katharina,1599843.90
Lorine,9799938.60
Jakayla,361131.50
Yadira,646327.59
Sienna,8474916.75
Carmel,758674.15
Rhiannon,20431.08
Cruz,482521.27
Clement,91292.80
Jany,269494.88
Piper,6763.20
Merlin,1800023.13
Noah,4198285.90
Filiberto,306371.90
Wava,245860.92
Dorian,6769506.29
Maxine,65431.38
Parker,425269.66
Maryjane,52166.00
Leonard,9513674.94
Murray,59568.59
Icie,690.46
Bettye,23.22
Antoinette,5098430.74
Sadie,2682544.08
Pauline,75314.70
Vida,685415.37
Kailyn,458544.51
Jadon,9658932.18
Vivienne,6417.46
Kenyon,1197155.06
Emmett,11914012.93
Adrienne,7412.54
Cameron,3669344.00
Rosetta,1679867.53
Dustin,2010013.86
Virginia,896471.47
Liana,9462213.36
Whitney,5260415.45
Iliana,78334.13
Kiara,1301.57
Duncan,45.10
Loyce,2895434.60
Meta,130.40
Aurelio,15353726.66
Christian,5005.15
Krystina,37862.87
Emery,71.63
Millie,889624.34
Hattie,17104.77
Mohamed,8335571.07
Randal,9668616.17
Jaime,5715.86
Rachel,65669.03
Layla,6439785.50
Alia,368.60
Allene,816864.17
Makayla,1957340.66
Loraine,326.93
Emilia,37538.64
Pete,4271158.47
Roma,67438.57
Retta,14515977.41
Schuyler,493626.10
Gabe,222.90
Rylee,4835972.51
Krista,948.30
Marquise,42.30
Maude,5725929.85
Clotilde,4439105.45
Tracey,2190447.80
Helene,2462045.19
Laurel,884002.80
Kenton,915.79
Jon,5903293.92
Deanna,999069.04
Zita,1003912.01
Josephine,9041160.67
Emanuel,6609266.82
Alford,6232667.86
Annabell,4759.71
Casey,1081651.86
Bethel,6542316.06
Wilhelmine,43.03
Donato,712.10
Clare,12161.75
Lillie,391103.26
Kassandra,894275.41
Luz,231996.53
Rashawn,1892055.93
Laverna,1477.09
Angelita,741648.71
Joel,8512.14
Easter,37556.37
Chanelle,6281.97
Randi,6682647.04
Brenda,4681.40
Amelia,10832020.60
Dariana,2983.54
Bulah,1209298.17
Mary,967254.54
Johnathon,41158.31
Deja,1013784.16
Veronica,1409758.76
Chelsey,563105.30
Humberto,11.33
Hugh,2467385.31
Diego,51.24
Myra,703195.60
Brooke,1599732.01
Arnaldo,6588770.50
Liliana,268160.80
Mackenzie,2952944.47
Elvie,6247615.75
Zoe,6741792.84
Manuel,358.60
Kobe,72.16
Sheldon,5777141.51
Cassie,283336.41
Alexandria,10932226.00
Alexandro,344138.27
Juanita,917052.27
Jakob,5274588.48
Ezra,88112.88
Braxton,961631.15
Darrick,12250372.30
Rossie,502.99
Santina,40830.35
Caleigh,229.31
Wyatt,9223680.20
Bianka,9224000.96
Sandrine,7890884.21
Bernie,868834.81
Bradley,2606645.19
Edgardo,5193044.10
Adrian,5258642.57
Otho,827859.34
Candice,39197.54
Jerel,14175.58
Sallie,0.84
Tevin,9807525.63
Erin,3676.70
Duane,52980.70
Owen,5391378.70
Fay,3996084.89
Santa,428089.36
Karley,13.09
Mathias,818204.39
Xavier,38.20
Buck,1255595.76
Billie,971573.94
Ava,721817.52
Selina,203432.98
Kraig,8499.50
Ottis,215662.40
Brittany,71.36
Kyra,56303.90
Ludwig,71275.17
Heidi,1498998.41
Jerrold,0.85
Leo,6761360.34
Sonny,770851.81
Esther,847998.93
Crystal,190160.27
Mylene,335812.15
Warren,10881831.57
Odessa,711443.11
Lew,56.90
Jairo,3159267.20
Beverly,485662.06
Enos,7244416.56
Waino,1921904.02
Romaine,67976.63
Ashlynn,14.07
Domingo,7509015.61
Katheryn,7730453.26
Florian,5729752.58
Kaylah,2983655.47
Buddy,552.33
Thelma,66.20
Steve,585798.98
Dario,5897965.68
Jesus,9766.10
Amalia,19400.82
Ralph,9860.38
Kathryne,380238.40
Prince,15078.82
Hunter,68553.95
Emmanuelle,4892432.25
Lillian,12544.18
Catalina,2478640.20
Frank,12595.32
Murl,5530681.82
Imogene,5.20
Ramiro,2299204.59
Alyson,10136302.68
Darren,743161.09
Earline,981685.36
Mohammed,12455.27
Raegan,3.93
Lowell,6526670.29
Charlotte,10846.70
Una,35891.99
Hope,6370307.63
Elenor,40786.64
Dee,4992227.20
Maeve,1723354.98
Daisy,54.71
Milford,89732.68
Elouise,4656066.32
Halie,8252.69
Bailey,3109801.40
Mireille,158.30
Christina,3422120.08
Martina,48783.70
Ola,5772320.64
Reina,223.43
Brennan,954.32
Jaylan,661.72
Daniella,2113.00
Westley,8578851.19
Alexane,102167.04
Samara,11678072.48
Savannah,3855175.99
Reva,334133.50
Keeley,3566734.25
Breanne,343114.00
Alejandrin,10736727.20
Odie,3.70
Gunner,3195.99
Rupert,3.14
Ellie,625.97
Vivien,9870857.25
Imelda,14725159.74
Juwan,56488.19
Giovanny,10016.49
Carmela,2263937.87
Kristopher,8100.00
Jayde,3621.30
Ansel,9.34
Bo,278725.20
Theodore,182677.70
Mona,180325.50
Gail,2124339.52
Jermey,6114084.70
Connor,633084.43
Bret,77.57
Rosemary,9680721.26
Celine,7235005.14
Julianne,5948609.70
Trudie,8214340.07
Saul,3754756.14
Aron,2065626.35
Ara,33889.08
Brionna,9005571.42
Lilyan,1046.20
Lizzie,8523.74
Antonina,3409867.80
Gregorio,2115196.58
Hailee,2193718.95
Ethelyn,17647.91
Mckenna,3764992.99
Nia,405009.01
Julia,9574.31
Gaston,290245.70
Peter,1093771.92
Haskell,6363816.37
Candace,57.73
Anderson,3.12
Alena,105101.19
Kaya,9137518.30
Ebony,8448129.67
Pasquale,80901.81
Thomas,8753153.57
Harvey,80.50
Cleve,1060936.92
Enrique,7926.00
Ayla,5755512.99
Elena,3290811.40
Darwin,9386190.21
Clarabelle,577849.37
Polly,4256587.00
Mertie,2207767.63
Jessica,82.89
Dereck,69917.23
Mortimer,82525.45
Liam,90.65
Matteo,194303.68
Margarett,57.46
Jeramie,282647.73
Myrtis,7588269.00
Melany,12748.67
Ubaldo,8155.01
Garnett,8029474.29
Elvera,7428904.49
Tia,164551.32
Roberta,20954.74
Eloise,3306.29
Amber,275.40
Godfrey,955.20
Sigurd,3593527.77
Adah,4383714.34
Jaunita,7429841.08
Charity,2676366.53
Beulah,549779.87
Madaline,13200884.18
Georgette,5836.53
Naomi,1391484.81
Johnathan,16200.30
Harry,870502.66
Xio,904200.85
Jaiden,3187381.44
Katrina,9626.69
Jade,20709604.52
Annette,141.12
Ben,9219013.80
Jude,6307769.49
Edwina,834.96
Rahul,516694.20
Jasen,2841.06
Mariela,5668422.51
Jensen,5596709.27
Allison,5598216.27
Elisa,0.70
Carolina,0.10
Taylor,5941171.30
Nella,9884091.21
Brando,29989.31
Kattie,104683.79
Gianni,56.02
Reuben,1106512.60
Ulises,701053.50
Kale,749900.97
Scotty,89265.20
Neva,231001.90
Loma,920430.70
Josiah,139937.86
Baby,3507852.40
Isom,9606308.32
Antonio,7999.13
Everardo,38.93
Jerome,17173497.49
Tyler,86514.54
Dandre,141397.49
Caesar,950987.83
Blanche,94.76
Winifred,15576807.74
Heaven,55799.78
Joy,38325.37
Tyshawn,7956765.12
Maggie,7623.38
Kolby,632.90
Shania,295.03
Margot,280.20
Clovis,946678.10
Kelvin,1563167.28
Allen,63246.94
Magdalena,55913.85
Mervin,4934558.41
Dallin,94532.86
Blaise,82789.53
America,9333938.17
Jayne,828690.30
Caden,1708270.23
Nicholaus,4269251.78
Lonie,12022.75
Ole,584.91
Joana,932.78
Nathanial,177.39
Eugenia,5964142.20
Akeem,4680519.31
Berneice,652367.20
Erling,10333193.89
Myles,365.60
Hanna,1385008.53
Verner,7774680.40
Laila,7674462.15
Eloisa,9938504.61
Trent,7124334.56
Felicia,7812.55
Wellington,0.32
Alisha,13012306.36
Denis,999261.70
Chase,705782.12
Liliane,95459.76
Myrl,9846410.11
Marianna,27933.79
Philip,5.08
Kendall,155586.60
Aletha,753111.98
Yessenia,7186369.50
Precious,3059443.60
Lawson,1415752.97
Nasir,0.16
Hal,1.10
Lindsay,9138262.94
Annabel,411435.28
Nicklaus,9449446.73
Clair,22672354.09
Monserrat,4582625.43
Marjory,5997498.44
Bridie,16885.61
Davonte,2023128.87
Johnnie,73353.05
Santiago,6826335.86
Turner,7699463.93
Aubree,3522570.87
Daphnee,433151.79
Hardy,11153.80
Boris,5008230.21
Cornelius,69.07
Dorthy,6801725.21
Macey,469123.40
Emmalee,1824.66
Nellie,4330929.68
Ed,1395376.83
Rosario,7379962.71
Alene,341290.96
Lera,8643.00
Geovanny,206.14
Kyla,12335121.31
Joanny,871517.27
Adelia,348.84
Kiley,474537.57
Melisa,151410.73
Ashley,1091.59
Hyman,855827.66
Lolita,7140225.90
Freeda,3716872.77
Jarrett,61.40
Ericka,542341.76
Nora,6110.73
Ozella,12.37
Delilah,72.90
Ward,3436374.06
Daniela,6.54
Arnold,1552578.87
Jeremy,5322.68
Mina,5.20
Abbie,77471.46
Lambert,12235742.89
Alba,3452172.18
Rose,518.12
Cheyenne,65368.56
Antonette,759443.68
Madison,5717506.43
Tyreek,13832281.13
Erik,86590.48
Lysanne,41369.76
Peyton,7413563.58
Jordy,81.50
Lonzo,994575.83
Leif,762575.58
Reed,269166.47
Gerard,289.30
Earl,317.62
Dannie,767420.14
Aglae,7223.90
Alivia,44.90
Lilian,8001149.76
Abigayle,154922.95
Carson,137061.65
Arely,28253.59
Hannah,760347.62
Tyrese,3117.10
Dax,7222679.78
Junius,7865351.66
Garfield,11111078.46
Raymundo,20972471.10
Gustave,802538.02
Ervin,4591810.06
Madyson,344183.90
Eveline,6343816.92
Ricky,11216711.34
Clay,6337.71
Lavern,68.19
Zachery,2437021.37
Werner,43905.66
Johnpaul,595330.08
Granville,77789.43
Larry,141565.80
Eudora,108.85
Alvah,13.68
Rico,9096515.63
Marge,4838.84
Major,9396488.11
Reba,849211.84
Otis,506.70
Ora,9878588.21
Jannie,682678.85
Ollie,10701586.90
Juliet,6481458.30
Lois,7534917.58
Christiana,1332846.41
Lea,9088214.63
Arvel,3759016.10
Russell,154201.39
Torrance,1354535.79
Lessie,471234.09
Consuelo,0.10
Brody,782969.83
Marcelo,285913.80
Collin,21016.70
Gerry,8266.33
Amy,3005.31
Janis,11901392.77
Chloe,4625054.40
Stevie,4107670.33
Madisyn,1.63
Edmond,2411.86
Jody,7.83
Barney,9381.21
Pablo,30056.86
Phoebe,7584573.29
Dasia,3177138.84
Jarrell,4676959.28
Chasity,121995.52
Christop,24143.19
Brook,594333.47
Octavia,5383064.47
Brent,49.30
Helga,2770063.51
Dillon,7215391.22
Gerardo,26223.39
Damian,6595657.98
Jace,98920.13
Wilford,6898.07
Adelbert,1029372.73
Moises,1229459.13
Rosie,6.01
Kole,579060.50
Jane,0.70
Hallie,656303.92
Nikita,23.80
Sherwood,4502447.68
Karl,1167.65
Lupe,977503.46
Rowland,80720.20
Tyrel,1561.70
Emmy,9072237.24
Eileen,50831.44
Genoveva,1191.42
Elijah,2.70
Heloise,1058563.45
Maverick,10404.93
Bonnie,306.67
Lincoln,9735.06
Rosalind,94857.60
Alan,8516000.68
Yasmin,6043963.05
Tina,249142.48
Lucinda,246467.16
Eino,2288.39
Barry,8144.48
Randy,17796416.77
Devin,489457.49
Pansy,410427.97
Arvilla,2109001.27
Colin,93142.20
Berry,7121109.30
Anastacio,1288.66
Alex,6622941.30
Jonatan,34769.35
Ali,6359926.24
Claudie,7249838.47
Matilde,0.60
Aric,1373.81
Jorge,965765.60
Golda,632113.16
Jasmin,7808722.53
Cory,13506501.73
Willard,2890770.65
Lola,1244313.20
Amparo,12387.27
Jarod,660044.00
Eda,6906.74
Michel,12335.33
Modesto,281848.45
Waylon,84.62
Pedro,5845722.19
Estella,739856.30
Quentin,908524.86
Cassandra,9587.11
Yadav,0.30
Carmella,624206.45
Favian,1492692.22
Evangeline,613641.76
London,7486.80
Rod,0.31
Aisha,18236732.67
Wilton,46274.95
Bridgette,2353.70
Florence,407158.73
Jacynthe,6632849.27
Aurore,6938008.75
Skye,13271.04
Corbin,783.93
Avis,88.61
Vito,12.44
Kari,4103902.37
Percival,318.03
Henry,0.08
Tianna,4474860.59
Alayna,12.53
Gina,7607127.34
Viviane,7087921.87
Brett,813212.06
Ernestina,10057.24
Dedric,8680599.51
Manley,9547.08
Koby,3337882.31
Ramona,134318.07
Eliza,8200496.21
Nelda,47852.60
Vernice,7888.26
Trenton,701588.11
Esmeralda,9403016.80
Oren,1061.70
Ivy,3366.33
Lionel,70661.97
Jared,63220.30
Norma,865.72
Elisha,7097.26
Kenyatta,70712.20
Donald,5726291.09
Alta,4878.06
German,535.67
Kaitlin,3617627.97
Cecile,4.81
Coralie,2345.00
Lexus,3555940.67
Madeline,6588141.54
Isabel,945142.47
General,5249.80
Wiley,8513638.29
Itzel,1727377.53
Korey,5875335.53
Arnoldo,9838127.75
Kristina,981452.04
Abner,6764353.66
Elroy,4962002.62
Clarissa,670281.55
Maiya,944476.85
Brown,5711027.38
Trisha,972697.73
Trace,73640.38
Efren,142511.83
Glen,327.10
Erika,4746356.62
Willis,863049.70
Madonna,53768.54
Nyasia,9558265.14
Hillary,148162.56
Uriel,2263828.86
Lemuel,3558.60
Jeffry,10333.42
Roxanne,8360032.09
Ayana,780408.23
Newton,38.60
Mireya,7463692.72
Evelyn,97129.66
Monica,164745.05
Terrell,3506066.17
Jodie,2893.18
Miles,6726109.78
Rubye,7789720.79
Aurelia,6374360.30
Rahsaan,1806303.84
Matilda,893932.19
Raleigh,1092.00
Aryanna,1669.26
Cordelia,1038.36
Odell,11399199.80
Dakota,4722793.26
Marjolaine,9089379.02
Betsy,391497.81
Lonnie,709.76
Keith,839765.38
Solon,5446123.93
Marisol,122359.17
Skylar,4188977.46
Vella,685781.60
Grayce,608040.16
Rollin,390116.03
Geoffrey,7815.57
Buford,4647574.42
Beau,97.60
Jacquelyn,4652373.01
Keegan,7433.66
Jaquelin,635573.18
Sylvan,929140.55
Faustino,964467.37
Doug,0.31
Glennie,2575182.36
Blair,0.95
Samantha,2612278.81
Mollie,5.90
Khalil,86817.50
Kiarra,8830377.31
Porter,9159807.86
Grayson,1349802.20
Jeffery,98.15
Malachi,3182451.85
Janet,1867.35
Myah,304.05
Heather,24825.52
Alejandra,1017291.14
Nya,8484385.65
Scot,39736.20
Tyrell,3010755.43
Kitty,1560757.87
Alize,511518.09
Jaren,8268977.19
Lorenzo,621805.87
Clifton,3952362.32
Maci,558216.70
Winston,247905.60
Sydnee,1088632.80
Sydni,3729085.00
Tomas,348903.79
Thea,1572190.52
Cristopher,6432017.90
Raquel,675.26
Kenneth,9154888.71
Wilson,183514.50
Rodrigo,10045737.26
Olin,8420727.16
Providenci,342179.70
Jaydon,36485.51
Judah,745679.78
Julio,9593.85
Charlie,664159.81
"D""angelo",13006.80
Lyric,4224.48
Mack,233211.26
Mariana,142.04
Angelica,37097.45
Dolores,1362646.47
Eva,51061.68
Elliott,3488345.62
Mose,419.72
Nayeli,17595366.67
Pierce,8963670.70
Serena,1212373.89
Cecil,29.23
Don,675753.10
Craig,468208.48
Nakia,2593714.67
Victor,11223.75
Brandy,9749.79
Percy,11887828.30
Chadd,9592683.60
Charley,424854.20
Terry,10676.17
Marcelino,7597.04
Wanda,6459066.00
Luciano,934271.70
Dulce,96297.02
Tad,81517.50
Courtney,1000.20
Rigoberto,548764.38
Markus,357.55
Omari,112650.28
Lelia,7437265.85
Edwardo,920.76
Haylie,5438707.72
Stephania,6350656.43
Ima,8443401.80
Maud,5402671.81
Derrick,66477.15
Fanny,6598.13
Cristal,1050517.88
Teagan,848972.10
Brendan,632.92
Sophie,6396414.10
Abigail,779731.23
Lawrence,2416009.54
Bobby,7218065.67
Lenora,7748.81
Burley,5769597.59
Nash,371252.70
Sage,950.05
Frankie,577762.40
Alvis,8772.08
Maxie,71372.16
Merritt,21281.67
Henderson,915077.02
Diana,321915.55
Nestor,4207.70
Willy,0.00
Cydney,895.05
Deven,444634.23
Demario,6433277.39
Vallie,9822086.60
Halle,302.60
Kamille,794242.01
Isadore,6175.05
Kade,629890.10
Yogesh,2268460.39
Orlo,162751.45
Effie,982996.20
Federico,59181.50
Van,12603082.35
Domenico,111235.91
Devon,4521783.52
Susanna,6205689.80
Richmond,702259.25
Laney,0.90
Felicity,16643920.28
Clifford,4820664.97
Garry,4989260.35
Isabella,684.13
Karen,5768.53
Korbin,3276.13
Micah,829438.41
Ashton,10038.49
Belle,945006.29
Carmine,8250169.29
Ryleigh,67127.03
Hans,4118.07
Trycia,442422.56
Benjamin,8669093.80
Darryl,10137174.55
Otilia,13050131.15
Asha,1041881.95
Kavon,819656.78
Nichole,919019.13
Chet,6415864.89
Chance,95732.91
Danny,7616.96
Hillard,946.90
Florencio,473784.76
Amir,3462818.05
Aniyah,6953.20
Skyla,10820256.60
Daren,17658225.03
Oceane,130766.33
Lia,853734.95
Lavonne,9292094.22
Curtis,612326.49
Sim,33769.45
Shanie,3897487.68
Lela,406226.60
Rogers,5426656.50
Vernon,950754.36
Kendra,4074.03
Oswaldo,0.50
Lafayette,126169.26
Sanford,6261890.66
Ellsworth,14337926.48
Virgie,434988.54
Kacey,8748.70
Flavio,7520036.52
Jesse,76659.46
Clark,10506900.20
Elmer,1319842.77
Dora,782343.20
Jamar,83868.06
Jaden,4955107.71
Vicente,5942.51
Dejah,669616.37
Dawson,590.35
Ethan,848186.70
Hoyt,281877.60
Osvaldo,30.17
Ellis,5593137.26
Hershel,7127.26
Keyshawn,109536.41
Janae,7086.00
Susie,2954692.68
Otto,63021.26
Mabelle,7650518.09
Cathrine,8458059.09
Brandyn,1517760.50
Edison,1747240.33
Candelario,978009.99
Queenie,1469140.58
Fatima,401832.36
Krystel,7725.00
Jerrell,1077524.70
Giovani,5924435.13
Jarvis,84081.03
Brenden,13038914.29
Jamison,7306502.57
Mallie,96481.07
Marcos,72672.09
Queen,478.84
Braeden,98806.77
Juana,2239367.21
Elinore,6398.79
Willow,16516444.90
Rudolph,1856714.80
Natasha,15291.33
Bart,1292.90
Lindsey,9892288.59
Alaina,97.80
Dillan,1582.23
Madisen,0.90
Rudy,4762568.52
Adrien,52.03
Xiu-Mei,8158811.06
Elyse,841634.20
Ewald,692274.60
Letitia,53662.11
Shaun,6589007.46
Makenna,6977.47
Roselyn,749784.40
Dane,3825690.05
Kianna,57925.88
Tiffany,15993.84
Archibald,12.90
Robin,2817.98
Russel,2715657.78
Miguel,16638754.37
Kiel,3598.07
Alec,3891.10
Delia,57005.16
Christophe,111194.77
Marilyne,2453790.83
Hester,6553926.78
Zack,728.37
Darien,6182993.98
Oda,994.64
Else,1617714.04
Mozell,64.40
Bernard,4.30
Reece,3291686.57
Gennaro,4.90
Zoie,2965227.09
Verna,37.55
Bobbie,145410.80
Janick,1459190.72
Victoria,6.10
Gage,4354524.41
Dejon,6389.50
Hertha,475499.77
Maureen,47652.81
Francisco,123711.41
Devonte,523489.60
Carley,625.52
Carole,5101.16
Crawford,25.80
Alfreda,7902295.71
Cortney,5377778.75
Brianne,5168.49
Savanah,181.07
Derick,22815.41
Anahi,5089084.05
Ella,724813.23
Donavon,72.37
Cary,973719.44
Luella,3673903.75
Madelyn,2454135.74
Linda,1371728.62
Cristian,8171585.58
Laury,84027.08
Amari,50.23
Graciela,21309905.51
Lexi,2446.13
Ethel,38.76
Reinhold,876.83
Antonetta,6872665.79
Madie,9245.61
Trever,6475.40
Arthur,171283.30
Melissa,2077687.72
Elisabeth,920698.53
Ruthe,1713371.24
Chris,808046.59
Kelli,51683.84
Marcus,25083.64
Misty,382624.72
Nigel,368938.43
Michelle,879.49
Melyna,4908978.25
Adella,3790559.96
Josefa,5865183.60
Viola,9461.46
Sabina,1007135.91
Rita,4058996.18
Joyce,10868550.50
Ally,9146883.17
Athena,168.70
Rosanna,757200.92
Rozella,1065.00
Ibrahim,93877.01
Althea,348837.80
Kurt,5902826.73
Zora,6669660.25
Elsa,9789663.84
Axel,940621.29
Ferne,5975.31
River,1107447.86
Raven,6452657.48
Shad,2642279.69
Kaden,60334.60
Adalberto,81738.39
Alexie,98151.73
Jamie,830922.03
Aliya,64167.47
Jammie,9690556.30
Patience,9092.00
Wilfred,9998.10
Marquis,7138246.62
Milo,334563.70
Paul,3749991.70
Sasha,7.10
Leopold,3573640.52
Jackeline,22.80
Colten,2921476.87
Antone,9536557.85
Kaleb,8439264.72
Kip,19470.27
Carmen,4700.71
Enrico,8964034.41
Aubrey,6027796.00
Rick,636806.92
Tess,813375.94
Jovani,457.61
Toni,9575560.90
Tommie,115478.38
Jordan,3844.30
Ezequiel,8377554.28
Elsie,1844794.26
Ivah,9324557.72
Tyrique,30791.64
Cicero,8.20
Roscoe,287996.53
Sam,52676.58
Guadalupe,821845.15
Hudson,237254.30
Lavina,634538.85
Rebeca,491579.23
Hank,10383865.21
Rocio,527589.53
Meggie,3261364.60
Kaylee,74651.60
Casimir,334761.95
Delmer,9154625.03
Marley,123.39
Daphne,760551.00
Karli,7664756.86
Norbert,7240.11
Chelsea,5659.10
Garrick,4264761.99
Deion,30960.95
Rolando,94.42
Oswald,156371.94
Kelsi,8444681.20
Okey,4778954.80
Jordyn,12666.57
Junior,4563.40
Jerrod,596381.00
Marlen,8291260.56
Blanca,8002176.18
Albertha,824970.78
Kayleigh,0.61
Orpha,734623.37
Margret,8242634.59
Maia,12.78
Rachael,112262.29
Drew,0.24
Mozelle,2907544.47
Savion,12307.70
Magnolia,23148.24
Emiliano,9160024.42
Landen,244.90
Retha,9335947.35
Sincere,288394.76
Genesis,12200718.75
Eldon,6259.92
Efrain,8376461.28
Trystan,658177.40
Florida,10661573.30
Orlando,1786784.70
Claudia,369027.55
Wilburn,973545.90
Chesley,381164.30
Emerald,729623.20
Amelie,7455.10
Constantin,762.87
Asa,9013106.64
Lazaro,310945.54
Lura,790576.90
Kristoffer,572.27
Lee,1648.56
Jacey,656672.85
Nico,9454360.30
Justen,9228274.64
Jennifer,961919.78
Jeremie,9075.29
Mariam,6.37
Kyler,601618.92
Jarred,9927017.24
Shana,36745.02
Vicky,17147.03
Jamal,14615.09
Taryn,4942944.60
Sheila,6978.34
Franco,9.44
Brennon,9015276.86
Carolanne,3685314.63
Paula,189698.00
Cordell,1083255.52
Erich,949969.92
Felipa,99.40
Johnny,334334.76
Sigmund,3263.86
Lorenza,589364.51
Keven,40901.30
Tiara,4967863.31
Mercedes,7562.80
Autumn,9772756.17
Britney,35305.63
Dayna,12054129.99
Frederick,3112729.31
Garth,84337.02
Arne,1256.95
Haley,259676.07
Pattie,6.90
Magnus,7455.31
Ines,857830.69
Dashawn,16102849.79
Ova,7096304.02
Madilyn,5141850.50
Thurman,873422.27
Destiney,5325977.48
Kevon,41148.62
Finn,71912.32
Hildegard,54310.02
Keshawn,390.82
Harold,5064767.47
Joelle,1727441.84
Annamae,2683214.22
Jeanne,155.00
Clara,232.29
Alvera,7277443.18
Kaela,10197825.38
Omer,9878114.48
Bessie,801975.37
Reanna,93275.16
Alexandra,10021.40
Arielle,928561.28
Tate,10885914.11
Shanon,852162.60
Aiden,3041.35
Ofelia,8784.26
Bartholome,4110741.07
Sydnie,3151904.79
Jacinto,6171274.82
Mayra,7738893.07
Jaclyn,272054.97
Magdalen,196575.55
Brielle,15206.76
Syble,11970087.90
Jonathan,545.99
Michael,689286.47
Meghan,1102603.77
Irving,255677.57
Delores,42714.03
Morton,5242548.03
Beaulah,8244.15
Darrin,5994.07
Jean,11095.87
Bryana,483273.63
Julian,909763.21
Tod,236.74
Shane,231.15
Marcelina,12315.64
Malvina,562.14
Virgil,13210143.90
Natalia,7307104.85
Alberta,9203.93
Reggie,45963.84
Velva,3842083.56
Julius,8244044.50
Etha,50561.99
Danyka,10311000.58
Harrison,44109.07
Annalise,26473.90
Alyce,9489.99
Terence,6396.57
Henri,93334.24
Nicola,162684.99
Alana,4205870.94
Tamia,527504.20
Camden,769288.10
Bud,6379979.70
Dave,3070309.57
Gonzalo,8399631.57
Lula,5780624.82
Pearlie,61431.20
Noemy,0.66
Casimer,2725223.04
Modesta,9168872.62
Lauretta,74.42
Leanne,56441.41
Sabrina,6928.82
Watson,89094.42
Lavada,157132.27
Maybelle,16321.03
Vivian,38623.20
Hipolito,9142148.22
Ruben,196.58
Davin,9291614.19
Jazmyn,4997344.34
Karianne,1189394.64
Jordane,771852.50
Laron,64770.66
Elmo,1656206.59
Faye,5925762.10
Lou,897269.58
Leora,427.19
Zane,592964.99
Hosea,761379.97
Domenic,69634.85
Cletus,97908.26
Freda,103271.40
Kayla,681760.29
Trey,50266.48
Tanner,8227087.59
Viva,662640.31
Olga,10.52
Timmy,10305837.81
Einar,11903237.62
Arturo,413557.32
Bernardo,7613290.86
Tracy,644101.12
Adriel,24.06
Jarret,3622.48
Christopher,17520.90
Jalyn,985.27
Mia,0.48
Rubie,626855.50
Sadye,762498.94
Javier,136.69
Laurianne,3202246.63
Bell,95.50
Will,9581622.85
Sidney,1370905.60
Abagail,1911870.19
Cierra,9136573.99
Geo,701.78
Brigitte,385737.15
Edythe,81157.87
Reta,66606.70
Sibyl,1870219.26
Alverta,1618884.32
Myrtle,8304311.40
Georgianna,101447.92
Cristina,2578.05
Marcel,8793255.66
Christelle,2359758.96
Alfonzo,900037.00
Tressa,1090869.05
Allan,5775702.51
Ned,8542522.04
Era,3242686.12
Sylvester,73878.83
Nolan,782.57
Blake,32940.24
Camryn,4805132.60
Norene,571798.00
Julie,5639505.43
Carli,4276.20
Muriel,7796985.44
Charlene,65759.41
Sister,1035047.13
Jennie,6126773.41
Elmira,146221.41
Raina,4057.80
Christine,104898.30
Ernesto,248.40
Aida,79068.05
Josianne,9785114.00
Houston,2724191.33
Lewis,1134337.45
Gavin,474030.55
Horacio,8525932.26
Zion,30863.52
Enola,986540.19
Pink,6575277.80
Zaria,9430742.50
Bertrand,937.00
Anabel,7522917.52
Buster,624324.11
Dock,9773268.43
Carroll,48737.01
Franz,914.90
Bethany,2753426.18
Camila,242080.40
Uriah,63942.27
Evie,10486190.35
Amos,362169.36
Mason,751689.10
Mohammad,144170.76
Claude,297180.32
Rogelio,461177.53
Clyde,8297311.63
Alanis,2191360.87
Lesly,4249.00
Michele,7369.50
Mara,11368108.39
Anna,34.90
Jett,767.30
Jaida,3796681.99
Carlee,6589799.33
Wendy,3269135.13
Tamara,78044.47
Anissa,245440.24
Mariane,9018.67
Darrel,683983.00
Hermann,7561168.92
Herminio,0.80
Kayley,11327.41
Deontae,3890724.14
Ike,10081873.96
Rex,7102908.31
Willa,4388.01
Kieran,3322020.56
Xander,715753.00
Laurence,12603180.83
Jerald,108702.63
Lucius,255081.75
Letha,76557.60
Brandon,10306.48
Flavie,5730200.31
Shemar,588761.15
Annabelle,1530063.30
Sofia,16719707.03
Rebekah,12849598.50
Missouri,10091.29
Gladys,2262411.31
Joan,6471355.12
Rocky,8127.47
Ephraim,10661084.86
Rachelle,0.26
Jo,8192856.43
Roel,612.01
Kathlyn,8271121.87
Terrence,2276858.50
Fernando,10413814.70
Matt,751266.39
Adell,14368.69
Gussie,72.08
Gillian,7795932.37
Oleta,603404.70
Jeffrey,412617.20
Marietta,542282.50
Pietro,4379108.70
Patsy,5.30
Thalia,634492.49
Jimmy,999.61
Judd,6461.64
Corene,39646.82
Ona,146007.87
Krystal,9784638.67
Montana,6410432.38
Martin,86.10
Zoila,50838.14
Leone,9957777.43
Cyril,4196958.03
Albin,165694.24
Gilbert,32389.73
Hettie,1650686.10
Sarina,87941.17
Lance,6206802.07
Mac,65774.39
Pinkie,8633763.31
Mateo,43888.50
Hector,892980.32
Bryon,1369.19
Chester,3770530.10
Ena,70505.28
Lilly,197877.17
Gabriella,19645593.32
Rowena,3832499.14
Alanna,2703.09
Grant,3134545.65
Tavares,2737658.07
Weston,6393.07
Lila,6338.00
Carolyn,3671709.98
Gracie,49916.00
Napoleon,457865.46
Gudrun,32010.56
Deangelo,715295.42
Cale,10464008.75
Vickie,640644.73
Ulices,333.42
Mafalda,441682.50
Madalyn,7631.60
Della,7128074.43
Andre,1079135.88
Americo,98160.49
Anjali,9.46
Julien,3727008.65
Christ,45623.09
Kaitlyn,8700.03
Kamryn,146.90
Cody,7435307.34
Makenzie,77694.30
Marie,9367702.06
Aracely,246211.41
Joany,2340257.24
Elenora,9948.20
Elias,895425.09
Cassidy,2367712.67
Maddison,827332.30
Noe,117325.83
Helena,1051570.19
Gardner,66028.00
Leslie,3968521.04
Keanu,495890.35
Melody,0.60
Kiana,10763819.53
Holden,5061.92
Francesco,5083531.70
Yazmin,279.89
Ashtyn,8785404.62
Lori,399.72
Ethyl,4544.53
Xzavier,823543.27
Cleveland,45.22
Ernest,322634.63
Seamus,107608.12
Emmie,6847094.63
Talia,820250.72
Dayne,525.53
Jay,97573.69
Kendrick,596356.30
Arianna,20.50
Leonor,3273706.11
Destany,1968765.00
Ruby,6657836.61
Jovan,10040014.69
Emilie,377.42
Daisha,6354804.64
Elody,30.32
Ashlee,684092.21
Keshaun,2003533.56
Shyanne,1912256.46
Ashleigh,1320274.06
Velda,938253.12
Eula,9835.70
Shanelle,3316.91
Pamela,55332.30
Eleazar,762862.80
Kory,988.20
Roberto,9279695.10
Emma,6245264.40
Eugene,30225.95
Orin,111456.90
Savanna,7410492.34
Eliseo,63197.25
Edwin,206.71
Marlee,13705.53
Kyleigh,6791425.29
Bert,5474187.21
Georgiana,4971320.37
Carleton,524.62
Ophelia,37454.13
Francisca,887853.68
Deborah,124326.32
Jenifer,4877174.30
Dovie,9.59
Janice,600325.58
Abigale,75082.78
Katelin,18486.46
Estel,6474033.32
Susan,16293.09
Mandy,1164877.79
Braulio,10587089.44
Kelley,558015.56
Corine,1737.98
Kelly,6793359.06
Kiera,6504953.40
Kali,120299.50
Juvenal,4839.57
Jed,5952562.51
Gladyce,103277.55
Scottie,7273921.10
Logan,0.10
Jovany,568596.60
Richie,830390.80
Zachary,954083.50
Rhett,16033.71
Grady,4028618.07
Chanel,266500.74
Mariah,11306.82
Layne,1509017.11
Thaddeus,760106.76
Dino,148738.95
Jasper,7071204.00
Alice,10188.66
Lucas,5603.14
Broderick,1298.77
Zackary,6614859.50
Cora,358146.35
Bill,2888.24
Isaac,1553648.05
Darrell,783335.65
Lilliana,87009.62
Laura,4020.74
Stefanie,769791.83
Mathew,42744.68
Destiny,78391.25
Abbigail,4836586.40
Hailie,6776332.20
Asia,6923.86
Kody,257611.89
Renee,3087490.48
Domenica,2591338.32
Verla,1554597.68
Edna,1.39
Cleo,621847.70
Simone,723920.08
Brisa,948969.72
Sonia,781287.49
Katherine,1206.68
Zackery,184980.07
Trinity,200793.00
Cayla,5735824.50
Larue,184.19
Raymond,5740013.71
Avery,78208.34
Maurine,349339.66
Camilla,1465.70
Keenan,265778.55
August,3582659.20
Elizabeth,8668.96
Arlie,216857.89
Gabrielle,3811.60
Michale,427351.34
Clint,54299.66
Margie,5738336.24
Wendell,6943574.50
Olen,92974.36
Osborne,395.62
Mittie,90303.20
Alvina,875899.34
Keira,286126.80
Jack,3122743.76
Preston,645.62
Dewitt,682123.42
Izaiah,488523.90
Rafael,504.41
Elda,9313030.02
Brooks,266.72
Jazmyne,933933.51
Daryl,14498624.97
Marielle,5338473.03
Jana,72797.03
Nona,4652661.39
Emilio,527390.78
Kenya,551166.79
Magali,6882.53
Ambrose,579573.05
Irma,181875.67
Frederique,2842416.70
Eleanora,13454320.72
Abdullah,717560.50
David,1310.27
Keaton,9767409.16
Elyssa,461925.03
Kenna,6797904.67
Spencer,8037.06
Fern,595032.37
Brant,8921327.00
Kallie,2614610.36
Antwan,9508628.95
Elta,7365.08
Fannie,0.70
Ebba,66818.60
Callie,3573.37
Alexandrea,7301.77
Orie,4274028.45
Jeromy,1377363.42
Shaina,5152073.65
Willie,8210.34
Gisselle,8539793.88
Ricardo,8129176.23
Lue,5306.23
Branson,77043.80
Griffin,4289993.81
Orion,8766655.51
Maximo,81708.42
Alfred,8091.01
Dessie,728623.33
Gaylord,4362282.50
Wilma,8130741.95
Brenna,1469689.76
Lucious,405967.10
Noel,7045357.01
Adan,428.56
Jedidiah,5890699.64
Rosalee,508539.43
Herman,9108.87
Regan,15286.90
Eriberto,130760.89
Lucienne,7358199.80
Isaias,665855.78
Jaycee,8634.81
Berta,96125.20
Damaris,4959821.95
Destin,3473.40
Telly,10507.85
Ariane,113.48
Ettie,1457172.43
Levi,458726.78
Toby,46745.94
Dell,94355.42
Brendon,64459.25
Reid,572278.10
Remington,99524.91
Kimberly,214536.43
Cristobal,392.45
Demetrius,171496.82
Noble,85139.60
Ciara,890597.71
Alexandrine,335958.70
Elaina,725.65
Jeff,118931.90
Ted,4202077.45
Santino,2216796.38
Vincenzo,8294440.47
Golden,901788.35
Alessandro,478961.51
Dagmar,338.16
William,7665.84
Roy,4160.75
Fredrick,681912.49
Jewel,8.50
Miller,778740.45
Stewart,0.30
Darian,147.77
Malika,381803.50
Valerie,2957968.82
Columbus,4639893.70
Moriah,520358.96
Katarina,494950.53
Kaleigh,96302.20
Astrid,4890696.01
Alessandra,7019917.80
Keagan,4842211.88
Cordie,1600290.89
Geovany,12288668.23
Louisa,11828917.25
Quincy,5290319.75
Rhoda,3508.34
Chaz,547927.97
Billy,1127888.34
Marc,1427569.16
Sven,8496568.79
Jamarcus,914.06
Natalie,58836.44
Andrew,55.60
Gordon,76964.51
Arno,8592.19
Jermain,3313098.52
Gertrude,146888.35
Dixie,5392614.90
Jessy,6769243.08
Imani,947037.48
Tierra,835463.93
Bette,55006.22
Sammy,92624.60
Lempi,1.39
Loyal,1895474.97
Kylee,2350923.53
Gwen,11761399.97
Damion,1256366.58
Marcelle,655247.53
Ansley,1070239.77
Sydney,1429186.46
Nola,5721552.19
Deshawn,9532304.81
Sean,548691.09
Dianna,0.81
Kirsten,5962734.19
Lisandro,211.94
Nova,422.61
Arden,86.14
Dwight,1011.87
Tyra,820196.52
Mya,789833.50
Harley,1103887.16
Brian,5852438.74
Iva,3241800.59
Sheridan,7555124.63
Devan,1436.79
Hortense,9985.93
Bernhard,189.69
Mitchel,370604.99
Hollis,446.18
Mckenzie,5876451.95
Pearline,13076.09
Nikko,4483295.77
Daphney,3.99
Desiree,607108.65
Dina,5271586.46
Erick,6182802.64
Francis,423.61
Hazel,7024333.19
Freida,18866.69
Jamey,707349.30
Stone,9549125.33
Camren,9450993.31
Winfield,574244.57
Enoch,59446.88
Douglas,918.90
Khalid,7267362.56
Blaze,5984.22
Cielo,7572188.28
Janiya,217241.68
Andy,8079766.00
Neha,250825.31
Eliezer,116968.86
Dangelo,5964922.73
Marilou,10026153.90
Lina,56815.69
Sedrick,207968.49
Palma,40378.78
Leonardo,6654220.14
Sabryna,96.80
Katrine,196637.44
Coleman,6923845.48
Alexys,4816238.66
Hulda,2535525.16
Lorenz,5514229.94
Barbara,51216.00
Hollie,115.61
Wilber,1589.29
Izabella,3604680.44
Robb,84000.81
Nikki,196653.50
Laurine,6537746.53
Emie,8373.45
Ivory,259.50
Ladarius,886043.24
Shaniya,3811027.39
Berniece,3309.96
Carol,50749.70
Grover,133000.08
Coty,4871.92
Tremaine,11026.47
Antwon,1962.33
Mossie,13616906.50
Alexzander,1147.60
Flo,7491.39
Antonietta,12879740.41
Herta,2271.78
Maryse,239380.20
Rene,1135.60
Rylan,655829.44
Elian,5174674.19
Liza,9307.27
Brannon,9935.40
Milan,126310.04
Dameon,70.73
Chad,79175.20
Delfina,92426.11
Vita,97.51
Pat,98.72
Nathanael,982.53
Deon,8688202.76
Kira,6063319.81
Beth,4246840.39
Kim,16.20
Alphonso,171.32
Sylvia,9093569.09
Kirk,7909339.12
Ottilie,50214.87
Nikolas,5.65
Walker,8354.50
Margarette,46656.84
Garrett,1950240.87
Reymundo,9597006.47
Lavinia,54.20
Kasandra,90484.24
Gino,31991.04
Fleta,788474.52
Brooklyn,8081.51
Leta,33923.73
Devante,172.73
Estefania,0.79
Katelyn,9553008.70
Camylle,3255350.47
Juliana,3616361.09
Lon,5237428.71
Aditya,5119435.79
Meagan,3130570.99
Alden,6230.69
Elise,7856931.01
Jerod,14063.62
Jolie,45034.80
Gaetano,6455.43
Ian,1089545.19
Deron,1097829.94
Evalyn,14.85
Briana,954599.81
Angelina,26443.13
Ashly,18.06
Danielle,0.29
Ramon,8442266.66
Donny,108439.51
Jaylen,876218.82
Lucio,1043733.50
Elvis,1013138.60
Quinton,1028.92
Francesca,68814.46
Judy,57580.61
Freddy,621500.46
Litzy,10562394.51
Mikayla,9055.42
Dana,7394789.34
Eden,54807.75
Kennedy,742507.44
Kyle,731233.71
Vesta,49451.01
Katelynn,2790142.88
Vanessa,11088519.55
Rickie,7413223.28
Opal,738514.73
Afton,815.78
Sebastian,42338.95
Maxime,2715333.36
Easton,785698.70
Shakira,13930267.42
Walton,58929.72
Stephany,6253845.65
Jan,6606028.95
Erna,713162.97
Jewell,309462.46
Brady,6067026.90
Jaqueline,359701.24
Brock,2542640.90
Cordia,961.31
Reagan,37891.13
Elinor,836719.03
Brice,0.03
Verona,3.00
Elton,178273.84
Donnell,0.48
Graham,7119262.14
Noelia,471874.15
Mikel,9973957.33
Malinda,36023.82
Verdie,3574.48
Adolph,854145.90
Thad,3740.66
Joey,32381.91
Kelton,9350202.60
Durward,959.53
Lilla,250674.11
Maribel,972.40
Abdul,521188.49
Seth,9151.99
Rasheed,96.80
Audie,220.63
Caterina,7418591.04
Maritza,14472.49
Roslyn,8617.50
Tony,752.27
Darius,1488814.56
Valentin,1245279.93
Nyah,0.20
Roman,18078303.48
Amina,9312995.88
Lesley,518541.13
Eunice,260392.89
Araceli,6071638.87
Herbert,0.20
Roger,936464.78
Vena,4821268.69
Irwin,81194.64
Dominique,805539.87
Coy,274615.66
Declan,1638347.40
Oma,35.60
Amely,7665.58
Gunnar,126490.02
Aaron,10690.89
Clinton,6440713.83
Shawna,546565.21
Marco,8564556.00
Jayme,3156223.56
Ressie,4587.20
Sarai,8798218.03
Lavon,1.71
Henriette,9.52
Barton,14078340.29
Theresa,1074153.77
Adam,6278032.63
Israel,105553.27
Kenny,8413963.40
Shanna,7.64
Delaney,3676.15
Anais,636.05
Nedra,858774.48
Verda,481942.33
Nannie,8377692.98
Sterling,5966.36
Laverne,96472.55
Vern,37002.93
Lurline,6904988.40
Jovanny,16917198.61
Kathryn,931944.83
Leilani,924225.86
Kaylin,7178433.43
Dayana,64.94
Benny,4968346.10
Clementina,70915.60
Gregory,67114.37
Melba,16.40
Molly,92.88
Myriam,240.63
Lora,1937155.20
Bernadette,22037.21
Yasmine,8405607.79
Paige,5431884.60
Adonis,67408.58
Kaylie,793.66
Brad,124340.59
Caleb,2625.12
Minerva,731.70
Elliot,763518.50
Karolann,1357738.44
Rosella,53492.30
Rodolfo,44936.81
Harmony,3196455.71
Alexander,41088.62
Alycia,5104844.22
Madge,568255.31
Norwood,1434641.58
Diamond,908857.23
Alvena,7247747.91
Camron,7111.60
Trevor,67282.90
Garrison,1057883.00
Dewayne,730307.84
Yvette,5000850.87
Fritz,11168822.31
Lennie,5095396.28
Jake,8515192.08
Melyssa,430188.30
Gloria,126414.91
Libby,568.45
Dortha,140146.75
Alysha,67403.00
Margaretta,658571.96
Jacky,1020566.91
Derek,160758.30
Stacey,7723898.73
Tre,409.00
Chandler,345897.70
Maye,7902009.05
Janelle,60441.88
Vincent,455457.96
Ocie,20518796.15
Cole,945.69
Reyes,624397.40
Leanna,6999206.95
Name,1468208.33
Birdie,70.93
Shirley,129445.07
Bernice,545.10
Kris,1663.00
Rodger,3.03
Wilhelm,11076.61
Rashad,13313481.25
Payton,84207.02
Eli,778798.45
Austin,11431.56
Macy,1858005.10
Pascale,93369.09
Samanta,71433.39
June,937580.52
Kara,1781300.44
Lloyd,944025.44
Morris,77738.15
Catharine,85005.91
Carissa,2917920.99
Shayna,1293172.92
Rafaela,7125.81
Leann,6700387.15
Rey,99287.59
Travis,936839.35
Nathaniel,477.80
Vince,106615.91
Myrtie,0.47
Angie,19054.86
Meredith,47.50
Erica,666226.10
Nina,5479126.67
Selmer,22341.20
Doyle,568.77
Nils,217995.00
Albert,1960575.84
Twila,91756.62
Robert,82008.88
Josefina,8880595.66
Arjun,1222474.00
Rickey,102356.49
Isidro,13808.05
Maynard,90327.25
Penelope,6748814.07
Brandi,119197.71
Lane,4783611.04
Assunta,781290.66
Berenice,9.31
Martine,9616303.42
Jayden,287449.94
Ismael,1808823.80
Luisa,3753.73
Immanuel,102369.77
Jess,1468006.60
Wade,9.20
Miracle,411721.80
Karelle,576264.25
Reginald,5.70
Noemi,3935689.30
Wilfrid,488.13
Earnestine,3141375.85
Tatum,723786.07
Braden,859.80
Dawn,69281.04
Eduardo,1953961.06
Arvid,61085.79
Gwendolyn,19640.35
Tomasa,182.11
Aimee,3.00
Arlo,56.17
Andreanne,2.00
Devyn,17935.18
Charles,8895150.51
Armando,574993.23
Hailey,1734763.65
Davon,836.48
Yesenia,776529.80
Guillermo,1035338.26
Elmore,3558.36
Cecilia,8627.40
Sid,358521.95
Adeline,58864.95
Vivianne,1488918.90
Moses,10075.41
Edward,2213768.60
Johnson,8975741.68
Donna,125792.90
Kaci,515121.80
Dorothy,60612.40
Sharon,876289.64
Joesph,1719542.90
Tristian,4479.10
Joshua,163068.80
Augustus,4471129.10
Bernadine,6684799.16
Frida,5059.98
